Time,NodeID,PacketID,Temperature(degree C),Humidity(%),Pressure(hPa),Voltage(V),RSSI,Lat,Lon,Height(m),Distance(km),Sat,SNR,Speed(km/hr),Direction(degree),angle(degree)
2021/04/03 03:46:55.000000,146,2,25.25,86.9,1006.184218,1.5032258064516129,-79.0,23.18596,120.37668,74.1,235.35078551884402,4,9,0.3,0.0,0.018039528154836445
2021/04/03 03:46:56.000000,146,3,25.23,87.0,1006.173281,1.4946236559139785,-82.0,23.18597,120.37666,74.92,235.35083979939597,4,10,0.35,0.0,0.018239151641781245
2021/04/03 03:46:57.000000,146,4,25.21,87.1,1006.1875,1.4946236559139785,-86.0,23.18597,120.37667,74.74,235.3503300415372,4,9,0.32,0.0,0.018195370348941413
2021/04/03 03:46:58.000000,146,5,25.19,87.2,1006.202031,1.4946236559139785,-83.0,23.18597,120.37666,73.72,235.35083979939597,4,9,0.45,0.0,0.017947013620867657
2021/04/03 03:46:59.000000,146,6,25.17,87.3,1006.207031,1.5032258064516129,-84.0,23.18596,120.37668,76.77,235.35078551884402,6,9,0.08,0.0,0.018689535399319643
2021/04/03 03:47:00.000000,146,7,25.15,87.4,1006.202031,1.5032258064516129,-78.0,23.18596,120.37668,76.05,235.35078551884402,6,9,0.03,0.0,0.018514252547341497
2021/04/03 03:47:01.000000,146,8,25.14,87.5,1006.164921,1.4946236559139785,-78.0,23.18596,120.37668,76.66,235.35078551884402,6,9,0.07,0.0,0.01866275607473443
2021/04/03 03:47:02.000000,146,9,25.11,87.5,1006.174921,1.4946236559139785,-80.0,23.18596,120.37668,76.52,235.35078551884402,6,9,0.32,0.0,0.01862867329797782
2021/04/03 03:47:03.000000,146,10,25.1,87.6,1006.180468,1.5053763440860215,-83.0,23.18596,120.37668,76.63,235.35078551884402,6,9,0.08,0.0,0.01865545262257341
2021/04/03 03:47:04.000000,146,11,25.09,87.7,1006.175937,1.5053763440860215,-78.0,23.18596,120.37668,76.78,235.35078551884402,6,9,0.43,0.0,0.018691969883372444
2021/04/03 03:47:05.000000,146,12,25.08,87.9,1006.1521090000001,1.4967741935483871,-73.0,23.18596,120.37668,77.0,235.35078551884402,6,9,0.17,0.0,0.018745528532516875
2021/04/03 03:47:06.000000,146,13,25.06,88.1,1006.208828,1.4967741935483871,-71.0,23.18596,120.37668,76.88,235.35078551884402,6,9,0.55,0.0,0.01871631472389669
2021/04/03 03:47:07.000000,146,14,25.06,88.4,1006.173125,1.4967741935483871,-71.0,23.18596,120.37668,77.14,235.35078551884402,6,9,0.34,0.0,0.0187796113092281
2021/04/03 03:47:08.000000,146,15,25.06,88.5,1006.169218,1.4967741935483871,-71.0,23.18596,120.37668,77.06,235.35078551884402,6,10,2.69,0.0,0.01876013543682331
2021/04/03 03:47:09.000000,146,16,25.05,88.4,1006.15164,1.5075268817204301,-73.0,23.18595,120.37668,76.58,235.35175075203276,6,9,0.19,0.0,0.018643203741807994
2021/04/03 03:47:10.000000,146,17,25.04,88.4,1006.168125,1.4946236559139785,-77.0,23.18596,120.37668,76.6,235.35078551884402,6,9,2.04,0.0,0.018648149170411785
2021/04/03 03:47:11.000000,146,18,25.04,88.4,1006.16375,1.4924731182795699,-87.0,23.18596,120.37668,76.58,235.35078551884402,6,9,1.38,0.0,0.0186432802023037
2021/04/03 03:47:12.000000,146,19,25.01,88.4,1006.178125,1.4946236559139785,-74.0,23.18596,120.37668,76.8,235.35078551884402,6,10,0.84,0.0,0.018696838851477833
2021/04/03 03:47:13.000000,146,20,25.0,88.5,1006.1554679999999,1.4946236559139785,-81.0,23.18596,120.37668,77.46,235.35078551884402,6,9,1.81,0.0,0.018857514798803807
2021/04/03 03:47:14.000000,146,21,24.98,88.6,1006.1504679999999,1.5032258064516129,-80.0,23.18596,120.37668,77.93,235.35078551884402,6,10,0.6,0.0,0.01897193554899164
2021/04/03 03:47:15.000000,146,22,24.96,88.6,1006.174843,1.5032258064516129,-83.0,23.18596,120.37668,78.09,235.35078551884402,6,9,0.03,0.0,0.01901088729370195
2021/04/03 03:47:16.000000,146,23,24.96,88.7,1006.156562,1.5032258064516129,-82.0,23.18596,120.37667,77.33,235.35129527136738,6,9,0.2,0.0,0.018825825730818552
2021/04/03 03:47:17.000000,146,24,24.93,88.8,1006.158125,1.5032258064516129,-83.0,23.18596,120.37668,77.06,235.35078551884402,6,9,0.14,0.0,0.01876013543682331
2021/04/03 03:47:18.000000,146,25,24.92,88.9,1006.190312,1.5032258064516129,-82.0,23.18596,120.37667,76.95,235.35129527136738,6,9,0.06,0.0,0.018733315537276377
2021/04/03 03:47:19.000000,146,26,24.9,88.9,1006.1675,1.5032258064516129,-83.0,23.18596,120.37667,76.15,235.35129527136738,6,9,0.09,0.0,0.018538557234763643
2021/04/03 03:47:20.000000,146,27,24.87,88.9,1006.165625,1.5032258064516129,-83.0,23.18596,120.37667,75.96,235.35129527136738,6,9,0.28,0.0,0.018492302137853744
2021/04/03 03:47:21.000000,146,28,24.85,89.0,1006.1694530000001,1.5032258064516129,-81.0,23.18596,120.37667,76.12,235.35129527136738,6,10,0.18,0.0,0.01853125379841105
2021/04/03 03:47:22.000000,146,29,24.83,89.1,1006.133281,1.5032258064516129,-80.0,23.18597,120.37667,76.19,235.3503300415372,6,9,0.1,0.0,0.01854837122103363
2021/04/03 03:47:23.000000,146,30,24.82,89.2,1006.1421869999999,1.5032258064516129,-81.0,23.18597,120.37667,76.02,235.3503300415372,6,10,0.07,0.0,0.018506984911964137
2021/04/03 03:47:24.000000,146,31,24.81,89.3,1006.1594530000001,1.5032258064516129,-76.0,23.18597,120.37667,76.21,235.3503300415372,6,9,0.11,0.0,0.018553240198569947
2021/04/03 03:47:25.000000,146,32,24.79,89.4,1006.145937,1.5032258064516129,-93.0,23.18597,120.37667,76.26,235.3503300415372,6,9,0.33,0.0,0.018565412642409566
2021/04/03 03:47:26.000000,146,33,24.77,89.5,1006.184843,1.5032258064516129,-91.0,23.18597,120.37667,76.51,235.3503300415372,6,9,0.41,0.0,0.01862627486158249
2021/04/03 03:47:27.000000,146,34,24.77,89.7,1006.14,1.5032258064516129,-91.0,23.18597,120.37667,76.54,235.3503300415372,6,9,2.15,0.0,0.018633578327880422
2021/04/03 03:47:28.000000,146,35,24.76,89.8,1006.143046,1.5032258064516129,-91.0,23.18597,120.37667,76.77,235.3503300415372,6,9,0.58,0.0,0.01868957156947774
2021/04/03 03:47:29.000000,146,36,24.74,89.9,1006.137968,1.5032258064516129,-91.0,23.18597,120.37668,76.62,235.34982028696226,6,9,0.2,0.0,0.018653094639476796
2021/04/03 03:47:30.000000,146,37,24.71,89.9,1006.155312,1.5032258064516129,-92.0,23.18597,120.37668,77.01,235.34982028696226,6,9,0.18,0.0,0.01874803990691929
2021/04/03 03:47:31.000000,146,38,24.7,90.0,1006.1757030000001,1.4924731182795699,-92.0,23.18597,120.37668,77.32,235.34982028696226,6,9,0.31,0.0,0.018823509221992458
2021/04/03 03:47:32.000000,146,39,24.69,90.1,1006.246875,1.4924731182795699,-97.0,23.18597,120.37668,77.22,235.34982028696226,6,9,0.13,0.0,0.0187991642816534
2021/04/03 03:47:33.000000,146,40,24.68,90.1,1006.2263280000001,1.5032258064516129,-95.0,23.18597,120.37668,77.08,235.34982028696226,6,9,0.34,0.0,0.018765081365167312
2021/04/03 03:47:34.000000,146,41,24.66,90.2,1006.266562,1.5032258064516129,-93.0,23.18597,120.37668,77.31,235.34982028696226,6,9,0.42,0.0,0.01882107472795886
2021/04/03 03:47:35.000000,146,42,24.64,90.3,1006.222031,1.4924731182795699,-89.0,23.18597,120.37668,77.34,235.34982028696226,6,9,0.53,0.0,0.01882837821005946
2021/04/03 03:47:36.000000,146,43,24.63,90.3,1006.213437,1.4924731182795699,-89.0,23.18597,120.37668,77.27,235.34982028696226,6,9,0.02,0.0,0.018811336751823778
2021/04/03 03:47:37.000000,146,44,24.61,90.4,1006.219218,1.5032258064516129,-89.0,23.18597,120.37668,77.38,235.34982028696226,6,9,0.4,0.0,0.018838116186192633
2021/04/03 03:47:38.000000,146,45,24.61,90.4,1006.200625,1.5032258064516129,-89.0,23.18597,120.37668,77.67,235.34982028696226,6,9,0.41,0.0,0.018908716513125593
2021/04/03 03:47:39.000000,146,46,24.58,90.5,1006.242109,1.4924731182795699,-91.0,23.18597,120.37668,77.87,235.34982028696226,6,9,0.14,0.0,0.018957406393735568
2021/04/03 03:47:40.000000,146,47,24.57,90.5,1006.2339059999999,1.4924731182795699,-96.0,23.18597,120.37669,77.81,235.3493105356685,6,9,0.23,0.0,0.01894284045842352
2021/04/03 03:47:41.000000,146,48,24.54,90.5,1006.2186710000001,1.4924731182795699,-94.0,23.18597,120.37669,77.89,235.3493105356685,6,9,0.36,0.0,0.01896231645284677
2021/04/03 03:47:42.000000,146,49,24.52,90.6,1006.209531,1.4924731182795699,-89.0,23.18597,120.37669,77.86,235.3493105356685,6,9,0.36,0.0,0.018955012954938563
2021/04/03 03:47:43.000000,146,50,24.52,90.6,1006.230156,1.5010752688172042,-90.0,23.18597,120.37669,77.76,235.3493105356685,6,9,0.12,0.0,0.018930667961906764
2021/04/03 03:47:44.000000,146,51,24.51,90.7,1006.264375,1.5032258064516129,-90.0,23.18597,120.37669,77.84,235.3493105356685,6,9,0.31,0.0,0.01895014395633275
2021/04/03 03:47:45.000000,146,52,24.48,90.8,1006.264531,1.5010752688172042,-97.0,23.18597,120.37669,77.97,235.3493105356685,6,8,0.42,0.0,0.018981792447265635
2021/04/03 03:47:46.000000,146,53,24.48,90.9,1006.2275,1.5032258064516129,-97.0,23.18597,120.37669,78.03,235.3493105356685,6,9,0.37,0.0,0.01899639944307691
2021/04/03 03:47:47.000000,146,54,24.46,90.9,1006.198281,1.5032258064516129,-95.0,23.18597,120.37669,77.72,235.3493105356685,6,9,0.4,0.0,0.01892092996469213
2021/04/03 03:47:48.000000,146,55,24.45,91.0,1006.206093,1.5010752688172042,-94.0,23.18597,120.37669,77.46,235.3493105356685,6,9,0.39,0.0,0.018857632982770385
2021/04/03 03:47:49.000000,146,56,24.42,91.1,1006.237343,1.5010752688172042,-94.0,23.18597,120.37669,77.15,235.3493105356685,6,9,0.24,0.0,0.01878216350426509
2021/04/03 03:47:50.000000,146,57,24.4,91.2,1006.200859,1.5010752688172042,-98.0,23.18597,120.37669,77.02,235.3493105356685,6,9,0.22,0.0,0.018750515013259587
2021/04/03 03:47:51.000000,146,58,24.4,91.3,1006.213671,1.5010752688172042,-96.0,23.18596,120.37669,77.03,235.35027576960184,6,9,0.33,0.0,0.01875287260175138
2021/04/03 03:47:52.000000,146,59,24.37,91.4,1006.210234,1.4903225806451612,-90.0,23.18596,120.37669,76.93,235.35027576960184,6,9,0.3,0.0,0.018728527708508372
2021/04/03 03:47:53.000000,146,60,24.35,91.5,1006.2175780000001,1.4903225806451612,-100.0,23.18596,120.37669,76.81,235.35027576960184,7,9,0.24,0.0,0.01869931383660783
2021/04/03 03:47:54.000000,146,61,24.33,91.6,1006.2175,1.5010752688172042,-99.0,23.18596,120.3767,76.65,235.34976602364358,7,9,0.08,0.0,0.01866040242401785
2021/04/03 03:47:55.000000,146,62,24.34,91.6,1006.231875,1.5010752688172042,-88.0,23.18596,120.3767,76.56,235.34976602364358,7,10,0.21,0.0,0.018638491972620446
2021/04/03 03:47:56.000000,146,63,24.32,91.7,1006.202187,1.4903225806451612,-90.0,23.18596,120.3767,76.64,235.34976602364358,7,9,0.33,0.0,0.018657967929418408
2021/04/03 03:47:57.000000,146,64,24.3,91.8,1006.222031,1.4903225806451612,-91.0,23.18596,120.3767,76.65,235.34976602364358,7,9,0.13,0.0,0.01866040242401785
2021/04/03 03:47:58.000000,146,65,24.28,91.9,1006.2413280000001,1.4903225806451612,-94.0,23.18596,120.3767,76.51,235.34976602364358,7,9,0.23,0.0,0.018626319499619536
2021/04/03 03:47:59.000000,146,66,24.27,92.0,1006.255,1.4903225806451612,-95.0,23.18596,120.3767,76.49,235.34976602364358,7,9,0.15,0.0,0.018621450510418695
2021/04/03 03:48:00.000000,146,67,24.26,92.0,1006.2223429999999,1.4989247311827958,-92.0,23.18596,120.3767,76.41,235.34976602364358,7,9,0.43,0.0,0.01860197455361266
2021/04/03 03:48:01.000000,146,68,24.25,92.1,1006.2123429999999,1.5010752688172042,-93.0,23.18596,120.37669,76.21,235.35027576960184,7,9,0.07,0.0,0.018553244476959586
2021/04/03 03:48:02.000000,146,69,24.23,92.1,1006.239765,1.4881720430107528,-95.0,23.18596,120.37669,76.14,235.35027576960184,7,9,0.25,0.0,0.01853620305165155
2021/04/03 03:48:03.000000,146,70,24.23,92.2,1006.251093,1.4989247311827958,-103.0,23.18596,120.37669,76.17,235.35027576960184,7,7,0.06,0.0,0.018543506519641113
2021/04/03 03:48:04.000000,146,71,24.22,92.2,1006.2309369999999,1.4989247311827958,-93.0,23.18596,120.37669,76.3,235.35027576960184,7,9,0.27,0.0,0.01857515488092225
2021/04/03 03:48:05.000000,146,72,24.22,92.3,1006.240468,1.4903225806451612,-93.0,23.18596,120.37669,76.39,235.35027576960184,7,9,0.26,0.0,0.01859706528487947
2021/04/03 03:48:06.000000,146,73,24.21,92.3,1006.252031,1.4881720430107528,-93.0,23.18596,120.37669,76.43,235.35027576960184,7,10,0.1,0.0,0.01860680324219205
2021/04/03 03:48:07.000000,146,74,24.2,92.4,1006.267343,1.4989247311827958,-91.0,23.18596,120.37669,76.37,235.35027576960184,7,9,0.06,0.0,0.01859219630622278
2021/04/03 03:48:08.000000,146,75,24.2,92.4,1006.2528900000001,1.4881720430107528,-91.0,23.18596,120.37669,76.53,235.35027576960184,7,9,0.03,0.0,0.018631148135468782
2021/04/03 03:48:09.000000,146,76,24.19,92.5,1006.26125,1.4903225806451612,-98.0,23.18596,120.37669,76.62,235.35027576960184,7,9,0.08,0.0,0.0186530585394121
2021/04/03 03:48:10.000000,146,77,24.2,92.5,1006.26125,1.4881720430107528,-98.0,23.18596,120.37669,76.54,235.35027576960184,7,9,0.03,0.0,0.01863358262479609
2021/04/03 03:48:11.000000,146,78,24.18,92.6,1006.2528900000001,1.4989247311827958,-96.0,23.18596,120.37669,76.61,235.35027576960184,7,9,0.09,0.0,0.01865062405008533
2021/04/03 03:48:12.000000,146,79,24.17,92.6,1006.244062,1.4989247311827958,-92.0,23.18596,120.37669,76.78,235.35027576960184,7,9,0.09,0.0,0.018692010368631176
2021/04/03 03:48:13.000000,146,80,24.18,92.6,1006.2325,1.4989247311827958,-92.0,23.18596,120.37669,76.89,235.35027576960184,7,9,0.22,0.0,0.01871878975120927
2021/04/03 03:48:14.000000,146,81,24.18,92.6,1006.234843,1.4989247311827958,-86.0,23.18596,120.37669,76.81,235.35027576960184,7,9,0.11,0.0,0.01869931383660783
2021/04/03 03:48:15.000000,146,82,24.17,92.7,1006.2625,1.4989247311827958,-90.0,23.18596,120.37669,76.72,235.35027576960184,7,9,0.25,0.0,0.018677403432676043
2021/04/03 03:48:16.000000,146,83,24.16,92.7,1006.2352340000001,1.4989247311827958,-89.0,23.18596,120.37669,76.79,235.35027576960184,7,9,0.05,0.0,0.018694444857956793
2021/04/03 03:48:17.000000,146,84,24.16,92.7,1006.217031,1.4989247311827958,-88.0,23.18596,120.37669,76.97,235.35027576960184,8,9,0.29,0.0,0.018738265665806383
2021/04/03 03:48:18.000000,146,85,24.16,92.8,1006.239687,1.4967741935483871,-89.0,23.18596,120.37669,77.01,235.35027576960184,8,9,0.07,0.0,0.01874800362310332
2021/04/03 03:48:19.000000,146,86,24.13,92.8,1006.221406,1.4989247311827958,-89.0,23.18596,120.37669,77.05,235.35027576960184,8,9,0.13,0.0,0.01875774158039917
2021/04/03 03:48:20.000000,146,87,24.15,92.8,1006.2279679999999,1.4967741935483871,-90.0,23.18596,120.37669,77.26,235.35027576960184,8,9,0.39,0.0,0.018808865856184596
2021/04/03 03:48:21.000000,146,88,24.12,92.8,1006.23625,1.4989247311827958,-88.0,23.18596,120.37669,77.56,235.35027576960184,8,9,0.38,0.0,0.018881900535826085
2021/04/03 03:48:22.000000,146,89,24.13,92.9,1006.224531,1.4967741935483871,-96.0,23.18596,120.37669,77.73,235.35027576960184,8,9,0.24,0.0,0.018923286854262377
2021/04/03 03:48:23.000000,146,90,24.12,92.9,1006.229921,1.4967741935483871,-95.0,23.18596,120.37669,77.87,235.35027576960184,8,8,0.3,0.0,0.018957369704724496
2021/04/03 03:48:24.000000,146,91,24.11,92.9,1006.242031,1.4967741935483871,-90.0,23.18596,120.37669,78.1,235.35027576960184,8,9,0.27,0.0,0.019013362959025983
2021/04/03 03:48:25.000000,146,92,24.12,92.9,1006.238437,1.4967741935483871,-89.0,23.18596,120.37669,78.45,235.35027576960184,8,9,0.24,0.0,0.019098570085067226
2021/04/03 03:48:26.000000,146,93,24.12,92.9,1006.2575780000001,1.4860215053763441,-91.0,23.18596,120.37669,78.65,235.35027576960184,8,9,0.06,0.0,0.019147259871338602
2021/04/03 03:48:27.000000,146,94,24.11,93.0,1006.2173429999999,1.4860215053763441,-93.0,23.18596,120.37669,78.71,235.35027576960184,8,9,0.11,0.0,0.019161866807214625
2021/04/03 03:48:28.000000,146,95,24.09,93.0,1006.219531,1.4967741935483871,-92.0,23.18596,120.37669,78.7,235.35027576960184,8,9,0.21,0.0,0.019159432317902125
2021/04/03 03:48:29.000000,146,96,24.1,93.0,1006.217812,1.4967741935483871,-87.0,23.18596,120.37669,78.78,235.35027576960184,8,9,0.15,0.0,0.01917890823240017
2021/04/03 03:48:30.000000,146,97,24.09,93.0,1006.240468,1.4860215053763441,-89.0,23.18596,120.3767,78.8,235.34976602364358,8,9,0.28,0.0,0.01918381876131882
2021/04/03 03:48:31.000000,146,98,24.1,93.0,1006.250625,1.4860215053763441,-88.0,23.18596,120.3767,78.78,235.34976602364358,8,9,0.18,0.0,0.019178949772149238
2021/04/03 03:48:32.000000,146,99,24.09,93.0,1006.225625,1.4967741935483871,-91.0,23.18596,120.3767,78.77,235.34976602364358,8,9,0.12,0.0,0.01917651527756435
2021/04/03 03:48:33.000000,146,100,24.08,93.0,1006.260625,1.4967741935483871,-94.0,23.18596,120.3767,78.84,235.34976602364358,8,9,0.16,0.0,0.019193556739657138
2021/04/03 03:48:34.000000,146,101,24.08,93.0,1006.215234,1.4860215053763441,-95.0,23.18596,120.3767,78.82,235.34976602364358,8,9,0.4,0.0,0.019188687750488116
2021/04/03 03:48:35.000000,146,102,24.08,93.0,1006.228281,1.4838709677419355,-99.0,23.18596,120.3767,78.67,235.34976602364358,8,9,0.24,0.0,0.019152170331711623
2021/04/03 03:48:36.000000,146,103,24.07,93.1,1006.230312,1.4946236559139785,-91.0,23.18596,120.37669,78.72,235.35027576960184,8,9,0.43,0.0,0.01916430129652705
2021/04/03 03:48:37.000000,146,104,24.06,93.1,1006.21875,1.4946236559139785,-90.0,23.18596,120.37669,78.67,235.35027576960184,8,9,0.22,0.0,0.019152128849964218
2021/04/03 03:48:38.000000,146,105,24.05,93.1,1006.256328,1.4860215053763441,-86.0,23.18596,120.37669,78.56,235.35027576960184,8,9,0.09,0.0,0.0191253494675199
2021/04/03 03:48:39.000000,146,106,24.05,93.1,1006.227656,1.4946236559139785,-95.0,23.18596,120.37669,78.38,235.35027576960184,8,9,0.18,0.0,0.019081528659865718
2021/04/03 03:48:40.000000,146,107,24.05,93.1,1006.2375,1.4967741935483871,-96.0,23.18596,120.3767,78.35,235.34976602364358,8,9,0.27,0.0,0.019074266504936467
2021/04/03 03:48:41.000000,146,108,24.05,93.1,1006.2166400000001,1.4967741935483871,-84.0,23.18596,120.3767,78.29,235.34976602364358,8,9,0.38,0.0,0.019059659537408267
2021/04/03 03:48:42.000000,146,109,24.05,93.2,1006.227656,1.4946236559139785,-84.0,23.18596,120.3767,78.18,235.34976602364358,8,9,0.23,0.0,0.019032880096933463
2021/04/03 03:48:43.000000,146,110,24.04,93.2,1006.252968,1.4967741935483871,-95.0,23.18596,120.3767,78.17,235.34976602364358,8,9,0.13,0.0,0.01903044560234443
2021/04/03 03:48:44.000000,146,111,24.04,93.3,1006.244687,1.4946236559139785,-94.0,23.18596,120.3767,78.31,235.34976602364358,8,9,0.17,0.0,0.01906452852658461
2021/04/03 03:48:45.000000,146,112,24.03,93.3,1006.254531,1.4946236559139785,-87.0,23.18596,120.3767,78.45,235.34976602364358,8,10,0.14,0.0,0.019098611450811296
2021/04/03 03:48:46.000000,146,113,24.03,93.3,1006.255703,1.4946236559139785,-88.0,23.18596,120.3767,78.36,235.34976602364358,8,9,0.07,0.0,0.019076700999524264
2021/04/03 03:48:47.000000,146,114,24.03,93.3,1006.267656,1.4946236559139785,-93.0,23.18596,120.3767,78.44,235.34976602364358,8,9,0.3,0.0,0.01909617695622412
2021/04/03 03:48:48.000000,146,115,24.02,93.4,1006.2858590000001,1.4946236559139785,-91.0,23.18596,120.3767,78.39,235.34976602364358,8,9,0.24,0.0,0.019084004483287224
2021/04/03 03:48:49.000000,146,116,24.02,93.4,1006.271718,1.4946236559139785,-88.0,23.18596,120.3767,78.32,235.34976602364358,8,9,0.16,0.0,0.019066963021172674
2021/04/03 03:48:50.000000,146,117,24.02,93.4,1006.28375,1.4946236559139785,-88.0,23.18596,120.3767,78.41,235.34976602364358,8,9,0.15,0.0,0.019088873472462187
2021/04/03 03:48:51.000000,146,118,24.01,93.4,1006.2699210000001,1.4924731182795699,-91.0,23.18596,120.3767,78.49,235.34976602364358,8,9,0.18,0.0,0.01910834942915929
2021/04/03 03:48:52.000000,146,119,24.02,93.4,1006.253281,1.4838709677419355,-91.0,23.18596,120.3767,78.44,235.34976602364358,8,9,0.38,0.0,0.01909617695622412
2021/04/03 03:48:53.000000,146,120,24.01,93.4,1006.275937,1.4946236559139785,-105.0,23.18596,120.3767,78.53,235.34976602364358,8,9,0.14,0.0,0.01911808740750619
2021/04/03 03:48:54.000000,146,121,24.01,93.5,1006.257031,1.4946236559139785,-94.0,23.18596,120.3767,78.57,235.34976602364358,8,10,0.08,0.0,0.019127825385851976
2021/04/03 03:48:55.000000,146,122,24.0,93.5,1006.293125,1.4838709677419355,-90.0,23.18596,120.3767,78.48,235.34976602364358,8,9,0.37,0.0,0.019105914934572397
2021/04/03 03:48:56.000000,146,123,24.0,93.5,1006.2821090000001,1.4817204301075269,-97.0,23.18596,120.3767,78.36,235.34976602364358,8,9,0.29,0.0,0.019076700999524264
2021/04/03 03:48:57.000000,146,124,23.98,93.5,1006.287656,1.4924731182795699,-95.0,23.18596,120.3767,78.47,235.34976602364358,8,9,0.22,0.0,0.01910348043998543
2021/04/03 03:48:58.000000,146,125,24.0,93.5,1006.289843,1.4924731182795699,-98.0,23.18596,120.3767,78.54,235.34976602364358,8,9,0.06,0.0,0.019120521902092746
2021/04/03 03:48:59.000000,146,126,24.0,93.5,1006.28875,1.4838709677419355,-90.0,23.18596,120.3767,78.78,235.34976602364358,8,9,0.07,0.0,0.019178949772149238
2021/04/03 03:49:00.000000,146,127,23.98,93.5,1006.2925,1.4838709677419355,-92.0,23.18596,120.3767,78.81,235.34976602364358,8,9,0.25,0.0,0.019186253255903504
2021/04/03 03:49:01.000000,146,128,24.0,93.5,1006.265,1.4924731182795699,-93.0,23.18596,120.3767,78.71,235.34976602364358,8,9,0.08,0.0,0.01916190831005354
2021/04/03 03:49:02.000000,146,129,23.98,93.6,1006.305625,1.4924731182795699,-92.0,23.18596,120.3767,78.74,235.34976602364358,8,9,0.31,0.0,0.019169211793809256
2021/04/03 03:49:03.000000,146,130,23.98,93.6,1006.273437,1.4924731182795699,-89.0,23.18596,120.3767,78.74,235.34976602364358,8,9,0.17,0.0,0.019169211793809256
2021/04/03 03:49:04.000000,146,131,24.0,93.6,1006.281796,1.4817204301075269,-87.0,23.18596,120.3767,78.68,235.34976602364358,8,10,0.18,0.0,0.01915460482629721
2021/04/03 03:49:05.000000,146,132,23.98,93.7,1006.23375,1.4924731182795699,-96.0,23.18596,120.3767,78.6,235.34976602364358,8,9,0.31,0.0,0.019135128869610597
2021/04/03 03:49:06.000000,146,133,23.97,93.7,1006.27125,1.4924731182795699,-91.0,23.18596,120.3767,78.54,235.34976602364358,8,9,0.05,0.0,0.019120521902092746
2021/04/03 03:49:07.000000,146,134,23.98,93.7,1006.22875,1.4924731182795699,-97.0,23.18596,120.3767,78.67,235.34976602364358,8,9,0.23,0.0,0.019152170331711623
2021/04/03 03:49:08.000000,146,135,23.97,93.7,1006.2914840000001,1.4924731182795699,-86.0,23.18596,120.3767,78.69,235.34976602364358,8,9,0.07,0.0,0.019157039320882717
2021/04/03 03:49:09.000000,146,136,23.98,93.7,1006.262343,1.4924731182795699,-91.0,23.18596,120.3767,78.63,235.34976602364358,8,9,0.3,0.0,0.019142432353368596
2021/04/03 03:49:10.000000,146,137,23.97,93.7,1006.261406,1.4924731182795699,-92.0,23.18596,120.3767,78.58,235.34976602364358,8,9,0.38,0.0,0.019130259880438254
2021/04/03 03:49:11.000000,146,138,23.97,93.7,1006.288906,1.4924731182795699,-96.0,23.18596,120.3767,78.64,235.34976602364358,8,10,0.42,0.0,0.019144866847954453
2021/04/03 03:49:12.000000,146,139,23.96,93.7,1006.2638280000001,1.4817204301075269,-96.0,23.18596,120.3767,78.58,235.34976602364358,8,9,0.31,0.0,0.019130259880438254
2021/04/03 03:49:13.000000,146,140,23.97,93.7,1006.269687,1.4817204301075269,-103.0,23.18596,120.3767,78.62,235.34976602364358,8,9,0.46,0.0,0.019139997858782665
2021/04/03 03:49:14.000000,146,141,23.96,93.7,1006.27,1.4903225806451612,-93.0,23.18596,120.3767,78.63,235.34976602364358,8,9,0.33,0.0,0.019142432353368596
2021/04/03 03:49:15.000000,146,142,23.95,93.7,1006.297812,1.4924731182795699,-91.0,23.18596,120.3767,78.6,235.34976602364358,8,9,0.11,0.0,0.019135128869610597
2021/04/03 03:49:16.000000,146,143,23.96,93.7,1006.2551559999999,1.4795698924731182,-89.0,23.18596,120.3767,78.61,235.34976602364358,8,9,0.26,0.0,0.019137563364196666
2021/04/03 03:49:17.000000,146,144,23.96,93.7,1006.2921090000001,1.4795698924731182,-89.0,23.18596,120.3767,78.55,235.34976602364358,8,10,0.37,0.0,0.01912295639667922
2021/04/03 03:49:18.000000,146,145,23.96,93.7,1006.290156,1.4903225806451612,-92.0,23.18596,120.3767,78.66,235.34976602364358,8,9,0.32,0.0,0.01914973583712597
2021/04/03 03:49:19.000000,146,146,23.96,93.7,1006.31,1.4903225806451612,-95.0,23.18596,120.3767,78.67,235.34976602364358,8,9,0.11,0.0,0.019152170331711623
2021/04/03 03:49:20.000000,146,147,23.95,93.7,1006.276562,1.4817204301075269,-91.0,23.18596,120.3767,78.66,235.34976602364358,8,9,0.03,0.0,0.01914973583712597
2021/04/03 03:49:21.000000,146,148,23.95,93.7,1006.2914840000001,1.4795698924731182,-89.0,23.18596,120.3767,78.62,235.34976602364358,8,10,0.17,0.0,0.019139997858782665
2021/04/03 03:49:22.000000,146,149,23.96,93.7,1006.278125,1.4903225806451612,-89.0,23.18596,120.3767,78.75,235.34976602364358,8,9,0.15,0.0,0.019171646288394358
2021/04/03 03:49:23.000000,146,150,23.94,93.7,1006.25414,1.4903225806451612,-87.0,23.18596,120.3767,78.76,235.34976602364358,8,10,0.07,0.0,0.01917408078297939
2021/04/03 03:49:24.000000,146,151,23.95,93.7,1006.266562,1.4795698924731182,-84.0,23.18596,120.3767,78.71,235.34976602364358,8,9,0.04,0.0,0.01916190831005354
2021/04/03 03:49:25.000000,146,152,23.95,93.7,1006.262031,1.4795698924731182,-84.0,23.18596,120.3767,78.74,235.34976602364358,8,9,0.05,0.0,0.019169211793809256
2021/04/03 03:49:26.000000,146,153,23.94,93.7,1006.237187,1.4795698924731182,-99.0,23.18596,120.3767,78.7,235.34976602364358,8,9,0.03,0.0,0.019159473815468165
2021/04/03 03:49:27.000000,146,154,23.94,93.7,1006.257656,1.4795698924731182,-89.0,23.18596,120.3767,78.69,235.34976602364358,8,9,0.27,0.0,0.019157039320882717
2021/04/03 03:49:28.000000,146,155,23.95,93.8,1006.258437,1.4795698924731182,-90.0,23.18596,120.3767,78.62,235.34976602364358,8,9,0.49,0.0,0.019139997858782665
2021/04/03 03:49:29.000000,146,156,23.94,93.9,1006.293281,1.4795698924731182,-96.0,23.18596,120.3767,78.62,235.34976602364358,8,9,0.22,0.0,0.019139997858782665
2021/04/03 03:49:30.000000,146,157,23.94,93.9,1006.26664,1.4795698924731182,-92.0,23.18596,120.3767,78.67,235.34976602364358,8,9,0.2,0.0,0.019152170331711623
2021/04/03 03:49:31.000000,146,158,23.95,93.9,1006.2513280000001,1.4903225806451612,-88.0,23.18596,120.3767,78.56,235.34976602364358,8,10,0.14,0.0,0.019125390891265637
2021/04/03 03:49:32.000000,146,159,23.95,93.9,1006.276406,1.4903225806451612,-90.0,23.18596,120.3767,78.79,235.34976602364358,8,9,0.1,0.0,0.019181384266734065
2021/04/03 03:49:33.000000,146,160,23.95,93.9,1006.2905460000001,1.4881720430107528,-89.0,23.18596,120.3767,78.79,235.34976602364358,8,9,0.05,0.0,0.019181384266734065
2021/04/03 03:49:34.000000,146,161,23.94,93.9,1006.282187,1.4903225806451612,-95.0,23.18596,120.3767,78.78,235.34976602364358,8,9,0.08,0.0,0.019178949772149238
2021/04/03 03:49:35.000000,146,162,23.93,94.0,1006.276562,1.4903225806451612,-90.0,23.18596,120.3767,78.76,235.34976602364358,8,9,0.03,0.0,0.01917408078297939
2021/04/03 03:49:36.000000,146,163,23.94,94.0,1006.269531,1.4903225806451612,-89.0,23.18596,120.3767,78.86,235.34976602364358,8,10,0.17,0.0,0.019198425728825883
2021/04/03 03:49:37.000000,146,164,23.94,94.0,1006.3133590000001,1.4881720430107528,-95.0,23.18596,120.3767,78.76,235.34976602364358,8,9,0.07,0.0,0.01917408078297939
2021/04/03 03:49:38.000000,146,165,23.93,93.9,1006.272343,1.4881720430107528,-91.0,23.18596,120.3767,78.65,235.34976602364358,8,9,0.29,0.0,0.019147301342540248
2021/04/03 03:49:39.000000,146,166,23.93,93.9,1006.277343,1.4903225806451612,-95.0,23.18596,120.3767,78.6,235.34976602364358,8,9,0.19,0.0,0.019135128869610597
2021/04/03 03:49:40.000000,146,167,23.94,93.9,1006.279062,1.4881720430107528,-90.0,23.18596,120.3767,78.57,235.34976602364358,8,9,0.15,0.0,0.019127825385851976
2021/04/03 03:49:41.000000,146,168,23.93,93.9,1006.3067179999999,1.4881720430107528,-90.0,23.18596,120.3767,78.6,235.34976602364358,8,9,0.28,0.0,0.019135128869610597
2021/04/03 03:49:42.000000,146,169,23.93,93.9,1006.3147650000001,1.4881720430107528,-96.0,23.18596,120.3767,78.54,235.34976602364358,8,9,0.25,0.0,0.019120521902092746
2021/04/03 03:49:43.000000,146,170,23.92,93.9,1006.2914840000001,1.4881720430107528,-92.0,23.18596,120.3767,78.5,235.34976602364358,8,9,0.07,0.0,0.01911078392374612
2021/04/03 03:49:44.000000,146,171,23.93,93.9,1006.298046,1.4860215053763441,-92.0,23.18596,120.3767,78.52,235.34976602364358,8,9,0.05,0.0,0.019115652912919567
2021/04/03 03:49:45.000000,146,172,23.93,93.9,1006.322187,1.4774193548387098,-92.0,23.18596,120.3767,78.4,235.34976602364358,8,9,0.14,0.0,0.019086438977874744
2021/04/03 03:49:46.000000,146,173,23.94,93.9,1006.285937,1.4774193548387098,-92.0,23.18596,120.3767,78.25,235.34976602364358,8,9,0.09,0.0,0.019049921559054755
2021/04/03 03:49:47.000000,146,174,23.93,93.9,1006.297187,1.4860215053763441,-91.0,23.18596,120.3767,78.17,235.34976602364358,8,9,0.18,0.0,0.01903044560234443
2021/04/03 03:49:48.000000,146,175,23.93,93.9,1006.2875,1.4860215053763441,-91.0,23.18596,120.3767,78.21,235.34976602364358,8,9,0.22,0.0,0.019040183580700143
2021/04/03 03:49:49.000000,146,176,23.92,93.9,1006.281406,1.4860215053763441,-91.0,23.18596,120.3767,78.09,235.34976602364358,8,9,0.33,0.0,0.01901096964562971
2021/04/03 03:49:50.000000,146,177,23.92,93.9,1006.281562,1.4860215053763441,-89.0,23.18596,120.3767,77.95,235.34976602364358,8,9,0.32,0.0,0.01897688672136838
2021/04/03 03:49:51.000000,146,178,23.92,93.9,1006.297343,1.4860215053763441,-84.0,23.18596,120.3767,77.72,235.34976602364358,8,9,0.3,0.0,0.01892089334576705
2021/04/03 03:49:52.000000,146,179,23.93,93.9,1006.276875,1.4860215053763441,-93.0,23.18596,120.3767,77.48,235.34976602364358,8,9,0.27,0.0,0.01886246547553583
2021/04/03 03:49:53.000000,146,180,23.92,94.0,1006.289062,1.4860215053763441,-90.0,23.18596,120.3767,77.48,235.34976602364358,8,9,0.37,0.0,0.01886246547553583
2021/04/03 03:49:54.000000,146,181,23.94,94.0,1006.313984,1.4752688172043011,-86.0,23.18596,120.37669,77.5,235.35027576960184,8,9,0.2,0.0,0.01886729359990269
2021/04/03 03:49:55.000000,146,182,23.93,93.9,1006.305625,1.4752688172043011,-86.0,23.18596,120.37669,77.44,235.35027576960184,8,9,0.31,0.0,0.018852686663976843
2021/04/03 03:49:56.000000,146,183,23.93,93.9,1006.332031,1.4860215053763441,-103.0,23.18596,120.37669,77.47,235.35027576960184,8,7,0.28,0.0,0.01885999013194007
2021/04/03 03:49:57.000000,146,184,23.92,93.9,1006.2698429999999,1.4860215053763441,-91.0,23.18596,120.37669,77.48,235.35027576960184,8,9,0.03,0.0,0.018862424621261014
2021/04/03 03:49:58.000000,146,185,23.93,93.9,1006.3203900000001,1.4752688172043011,-89.0,23.18596,120.37669,77.59,235.35027576960184,8,9,0.09,0.0,0.018889204003786866
2021/04/03 03:49:59.000000,146,186,23.92,93.9,1006.304531,1.4860215053763441,-98.0,23.18596,120.37669,77.68,235.35027576960184,8,9,0.06,0.0,0.018911114407665516
2021/04/03 03:50:00.000000,146,187,23.93,93.9,1006.302968,1.4860215053763441,-94.0,23.18596,120.37669,77.72,235.35027576960184,8,9,0.25,0.0,0.01892085236494314
2021/04/03 03:50:01.000000,146,188,23.92,93.9,1006.270703,1.4860215053763441,-95.0,23.18596,120.37669,77.86,235.35027576960184,8,9,0.1,0.0,0.018954935215406216
2021/04/03 03:50:02.000000,146,189,23.91,93.9,1006.299609,1.4860215053763441,-89.0,23.18596,120.37669,77.96,235.35027576960184,8,9,0.1,0.0,0.018979280108585916
2021/04/03 03:50:03.000000,146,190,23.92,93.9,1006.257734,1.4838709677419355,-90.0,23.18596,120.37669,78.06,235.35027576960184,8,9,0.09,0.0,0.019003625001758763
2021/04/03 03:50:04.000000,146,191,23.92,93.9,1006.255,1.4731182795698925,-90.0,23.18596,120.37669,78.09,235.35027576960184,8,9,0.2,0.0,0.019010928469709282
2021/04/03 03:50:05.000000,146,192,23.92,93.9,1006.2964059999999,1.4860215053763441,-90.0,23.18596,120.37669,78.12,235.35027576960184,8,9,0.35,0.0,0.01901823193765918
2021/04/03 03:50:06.000000,146,193,23.93,93.9,1006.272109,1.4838709677419355,-91.0,23.18596,120.37669,78.11,235.35027576960184,8,10,0.14,0.0,0.019015797448342614
2021/04/03 03:50:07.000000,146,194,23.92,93.9,1006.269296,1.4838709677419355,-90.0,23.18596,120.37669,78.12,235.35027576960184,8,9,0.16,0.0,0.01901823193765918
2021/04/03 03:50:08.000000,146,195,23.92,93.9,1006.282343,1.4838709677419355,-90.0,23.18596,120.37669,78.12,235.35027576960184,8,9,0.06,0.0,0.01901823193765918
2021/04/03 03:50:09.000000,146,196,23.92,93.9,1006.32375,1.4838709677419355,-90.0,23.18596,120.37669,77.86,235.35027576960184,8,9,0.13,0.0,0.018954935215406216
2021/04/03 03:50:10.000000,146,197,23.92,93.9,1006.307187,1.4838709677419355,-90.0,23.18596,120.37669,77.92,235.35027576960184,8,9,0.06,0.0,0.01896954215131486
2021/04/03 03:50:11.000000,146,198,23.91,93.9,1006.304218,1.4838709677419355,-90.0,23.18596,120.37669,77.77,235.35027576960184,8,9,0.06,0.0,0.018933024811538635
2021/04/03 03:50:12.000000,146,199,23.91,93.9,1006.295937,1.4838709677419355,-90.0,23.18596,120.37669,77.74,235.35027576960184,8,10,0.13,0.0,0.01892572134358154
2021/04/03 03:50:13.000000,146,200,23.91,93.8,1006.3060929999999,1.4838709677419355,-90.0,23.18596,120.37669,77.7,235.35027576960184,8,9,0.17,0.0,0.018915983386304465
2021/04/03 03:50:14.000000,146,201,23.92,93.8,1006.2984369999999,1.4838709677419355,-90.0,23.18596,120.37669,77.72,235.35027576960184,8,9,0.15,0.0,0.01892085236494314
2021/04/03 03:50:15.000000,146,202,23.91,93.8,1006.3007030000001,1.4838709677419355,-96.0,23.18596,120.37669,77.66,235.35027576960184,8,9,0.15,0.0,0.018906245429026292
2021/04/03 03:50:16.000000,146,203,23.9,93.8,1006.2754679999999,1.4731182795698925,-87.0,23.18596,120.37669,77.57,235.35027576960184,8,9,0.17,0.0,0.018884335025146415
2021/04/03 03:50:17.000000,146,204,23.9,93.8,1006.303437,1.4731182795698925,-89.0,23.18596,120.37669,77.47,235.35027576960184,8,9,0.08,0.0,0.01885999013194007
2021/04/03 03:50:18.000000,146,205,23.91,93.8,1006.278593,1.4752688172043011,-93.0,23.18596,120.37669,77.43,235.35027576960184,8,9,0.1,0.0,0.018850252174655628
2021/04/03 03:50:19.000000,146,206,23.9,93.8,1006.307187,1.4838709677419355,-91.0,23.18596,120.37669,77.41,235.35027576960184,8,9,0.02,0.0,0.018845383196012998
2021/04/03 03:50:20.000000,146,207,23.9,93.8,1006.328437,1.4817204301075269,-90.0,23.18596,120.37669,77.26,235.35027576960184,8,12,0.17,0.0,0.018808865856184596
2021/04/03 03:50:21.000000,146,208,23.91,93.8,1006.3153900000001,1.4838709677419355,-91.0,23.18596,120.37669,77.08,235.35027576960184,8,9,0.13,0.0,0.018765045048370347
2021/04/03 03:50:22.000000,146,209,23.9,93.8,1006.277031,1.4817204301075269,-90.0,23.18596,120.37669,77.15,235.35027576960184,8,9,0.16,0.0,0.01878208647363406
2021/04/03 03:50:23.000000,146,210,23.9,93.9,1006.2807809999999,1.4817204301075269,-91.0,23.18596,120.37669,77.22,235.35027576960184,8,9,0.24,0.0,0.01879912789889444
2021/04/03 03:50:24.000000,146,211,23.9,93.9,1006.298359,1.4817204301075269,-97.0,23.18596,120.37669,77.22,235.35027576960184,8,9,0.28,0.0,0.01879912789889444
2021/04/03 03:50:25.000000,146,212,23.89,93.9,1006.2964059999999,1.4731182795698925,-89.0,23.18596,120.37669,77.2,235.35027576960184,8,9,0.24,0.0,0.018794258920248955
2021/04/03 03:50:26.000000,146,213,23.91,93.9,1006.307656,1.4795698924731182,-91.0,23.18596,120.37669,77.19,235.35027576960184,8,9,0.2,0.0,0.018791824430926113
2021/04/03 03:50:27.000000,146,214,23.9,93.9,1006.2714840000001,1.4817204301075269,-91.0,23.18596,120.37669,77.3,235.35027576960184,8,9,0.24,0.0,0.018818603813473663
2021/04/03 03:50:28.000000,146,215,23.9,93.9,1006.2855460000001,1.4817204301075269,-90.0,23.18596,120.37669,77.3,235.35027576960184,8,9,0.29,0.0,0.018818603813473663
2021/04/03 03:50:29.000000,146,216,23.9,93.9,1006.279062,1.4817204301075269,-92.0,23.18596,120.37669,77.3,235.35027576960184,8,9,0.17,0.0,0.018818603813473663
2021/04/03 03:50:30.000000,146,217,23.91,93.9,1006.3075,1.4817204301075269,-89.0,23.18596,120.37669,77.4,235.35027576960184,8,9,0.45,0.0,0.018842948706691582
2021/04/03 03:50:31.000000,146,218,23.9,93.9,1006.309375,1.4795698924731182,-89.0,23.18596,120.37669,77.42,235.35027576960184,8,9,0.18,0.0,0.018847817685334348
2021/04/03 03:50:32.000000,146,219,23.9,93.9,1006.309609,1.4817204301075269,-87.0,23.18596,120.37669,77.54,235.35027576960184,8,9,0.2,0.0,0.018877031557185227
2021/04/03 03:50:33.000000,146,220,23.89,93.9,1006.320625,1.4817204301075269,-88.0,23.18596,120.37669,77.63,235.35027576960184,8,10,0.33,0.0,0.018898941961066947
2021/04/03 03:50:34.000000,146,221,23.91,93.9,1006.276562,1.4817204301075269,-96.0,23.18596,120.37669,77.54,235.35027576960184,8,9,0.21,0.0,0.018877031557185227
2021/04/03 03:50:35.000000,146,222,23.9,93.9,1006.277343,1.4795698924731182,-90.0,23.18596,120.37669,77.5,235.35027576960184,8,9,0.06,0.0,0.01886729359990269
2021/04/03 03:50:36.000000,146,223,23.9,93.9,1006.251484,1.4795698924731182,-89.0,23.18595,120.37669,77.74,235.35124100484217,8,9,0.12,0.0,0.018925643724395078
2021/04/03 03:50:37.000000,146,224,23.91,93.9,1006.267343,1.4795698924731182,-87.0,23.18595,120.37669,77.86,235.35124100484217,8,10,0.07,0.0,0.018954857476406264
2021/04/03 03:50:38.000000,146,225,23.9,93.9,1006.276875,1.4817204301075269,-88.0,23.18595,120.37669,77.96,235.35124100484217,8,9,0.14,0.0,0.018979202269741393
2021/04/03 03:50:39.000000,146,226,23.9,93.9,1006.296015,1.4795698924731182,-94.0,23.18595,120.37669,77.95,235.35124100484217,8,10,0.2,0.0,0.018976767790408192
2021/04/03 03:50:40.000000,146,227,23.89,93.8,1006.297187,1.4795698924731182,-105.0,23.18595,120.37669,78.1,235.35124100484217,8,9,0.09,0.0,0.01901328498039906
2021/04/03 03:50:41.000000,146,228,23.91,93.9,1006.2539840000001,1.4817204301075269,-93.0,23.18595,120.37669,78.32,235.35124100484217,8,9,0.25,0.0,0.019066843525691053
2021/04/03 03:50:42.000000,146,229,23.91,93.9,1006.28875,1.4795698924731182,-88.0,23.18595,120.3767,78.26,235.3507312609354,8,10,0.08,0.0,0.019052277914760447
2021/04/03 03:50:43.000000,146,230,23.9,93.9,1006.271093,1.4795698924731182,-91.0,23.18595,120.3767,78.24,235.3507312609354,8,9,0.07,0.0,0.019047408945552458
2021/04/03 03:50:44.000000,146,231,23.91,93.9,1006.283593,1.4795698924731182,-90.0,23.18595,120.3767,78.28,235.3507312609354,8,9,0.18,0.0,0.01905714688396816
2021/04/03 03:50:45.000000,146,232,23.89,93.9,1006.254531,1.4795698924731182,-90.0,23.18595,120.3767,78.29,235.3507312609354,8,10,0.13,0.0,0.019059581368571915
2021/04/03 03:50:46.000000,146,233,23.9,93.9,1006.27375,1.4795698924731182,-91.0,23.18595,120.3767,78.43,235.3507312609354,8,9,0.22,0.0,0.019093664153017227
2021/04/03 03:50:47.000000,146,234,23.89,93.9,1006.257343,1.4774193548387098,-90.0,23.18595,120.3767,78.46,235.3507312609354,8,9,0.29,0.0,0.019100967606825177
2021/04/03 03:50:48.000000,146,235,23.89,93.9,1006.277734,1.4709677419354839,-90.0,23.18595,120.3767,78.56,235.3507312609354,8,9,0.27,0.0,0.019125312452847203
2021/04/03 03:50:49.000000,146,236,23.9,93.9,1006.2549210000001,1.4795698924731182,-90.0,23.18595,120.3767,78.58,235.3507312609354,8,9,0.28,0.0,0.019130181422050776
2021/04/03 03:50:50.000000,146,237,23.89,93.9,1006.2825780000001,1.4795698924731182,-90.0,23.18595,120.3767,78.67,235.3507312609354,8,9,0.37,0.0,0.01915209178346345
2021/04/03 03:50:51.000000,146,238,23.9,93.9,1006.261093,1.4795698924731182,-91.0,23.18595,120.3767,78.7,235.3507312609354,8,9,0.22,0.0,0.01915939523726643
2021/04/03 03:50:52.000000,146,239,23.89,93.9,1006.2502340000001,1.4795698924731182,-90.0,23.18595,120.3767,78.71,235.3507312609354,8,9,0.2,0.0,0.019161829721867283
2021/04/03 03:50:53.000000,146,240,23.89,93.9,1006.255781,1.4795698924731182,-90.0,23.18595,120.3767,78.67,235.3507312609354,8,9,0.3,0.0,0.01915209178346345
2021/04/03 03:50:54.000000,146,241,23.9,93.9,1006.308437,1.4795698924731182,-90.0,23.18595,120.3767,78.74,235.3507312609354,8,9,0.16,0.0,0.019169133175669435
2021/04/03 03:50:55.000000,146,242,23.89,93.9,1006.31625,1.4774193548387098,-91.0,23.18595,120.3767,78.82,235.3507312609354,8,10,0.19,0.0,0.01918860905247212
2021/04/03 03:50:56.000000,146,243,23.88,93.9,1006.3096869999999,1.4795698924731182,-90.0,23.18595,120.3767,78.93,235.3507312609354,8,9,0.13,0.0,0.019215388383068577
2021/04/03 03:50:57.000000,146,244,23.89,93.9,1006.320625,1.4795698924731182,-90.0,23.18595,120.3767,78.98,235.3507312609354,8,9,0.13,0.0,0.019227560806064192
2021/04/03 03:50:58.000000,146,245,23.88,93.9,1006.292265,1.4774193548387098,-89.0,23.18595,120.3767,79.07,235.3507312609354,8,9,0.21,0.0,0.019249471167451918
2021/04/03 03:50:59.000000,146,246,23.89,93.9,1006.269375,1.4774193548387098,-90.0,23.18595,120.37669,79.21,235.35124100484217,8,9,0.06,0.0,0.019283512185849453
2021/04/03 03:51:00.000000,146,247,23.88,93.9,1006.263281,1.4688172043010752,-87.0,23.18595,120.37669,79.22,235.35124100484217,8,9,0.17,0.0,0.019285946665173956
2021/04/03 03:51:01.000000,146,248,23.88,93.9,1006.2788280000001,1.4688172043010752,-87.0,23.18595,120.37669,79.15,235.35124100484217,8,9,0.13,0.0,0.01926890530990099
2021/04/03 03:51:02.000000,146,249,23.88,93.9,1006.284687,1.4774193548387098,-89.0,23.18595,120.37669,79.27,235.35124100484217,8,9,0.11,0.0,0.01929811906179541
2021/04/03 03:51:03.000000,146,250,23.89,93.9,1006.287343,1.4795698924731182,-88.0,23.18595,120.37669,79.36,235.35124100484217,8,10,0.3,0.0,0.01932002937570965
2021/04/03 03:51:04.000000,146,251,23.88,93.9,1006.281796,1.4774193548387098,-89.0,23.18595,120.37669,79.27,235.35124100484217,8,9,0.2,0.0,0.01929811906179541
2021/04/03 03:51:05.000000,146,252,23.88,93.9,1006.282031,1.4774193548387098,-91.0,23.18595,120.37669,79.14,235.35124100484217,8,9,0.07,0.0,0.019266470830575998
2021/04/03 03:51:06.000000,146,253,23.89,94.0,1006.252031,1.4774193548387098,-89.0,23.18596,120.37669,79.02,235.35027576960184,8,9,0.25,0.0,0.019237335975867687
2021/04/03 03:51:07.000000,146,254,23.88,94.0,1006.2621869999999,1.4774193548387098,-91.0,23.18596,120.37669,78.93,235.35027576960184,8,9,0.13,0.0,0.01921542557207205
2021/04/03 03:51:08.000000,146,255,23.89,94.0,1006.270078,1.4774193548387098,-89.0,23.18596,120.37669,78.83,235.35027576960184,8,9,0.23,0.0,0.019191080678959197
2021/04/03 03:51:09.000000,146,256,23.89,94.0,1006.2664840000001,1.4666666666666668,-89.0,23.18596,120.37669,78.81,235.35027576960184,8,9,0.19,0.0,0.019186211700335794
2021/04/03 03:51:10.000000,146,257,23.88,94.0,1006.263437,1.4774193548387098,-89.0,23.18596,120.37669,78.66,235.35027576960184,8,9,0.26,0.0,0.01914969436065144
2021/04/03 03:51:11.000000,146,258,23.88,94.0,1006.278125,1.4774193548387098,-88.0,23.18596,120.37669,78.42,235.35027576960184,8,9,0.26,0.0,0.01909126661712414
2021/04/03 03:51:12.000000,146,259,23.89,94.0,1006.273906,1.4774193548387098,-89.0,23.18596,120.37669,78.29,235.35027576960184,8,9,0.25,0.0,0.01905961825603026
2021/04/03 03:51:13.000000,146,260,23.89,94.0,1006.2907030000001,1.4774193548387098,-87.0,23.18596,120.37669,78.22,235.35027576960184,8,10,0.14,0.0,0.019042576830821042
2021/04/03 03:51:14.000000,146,261,23.89,94.0,1006.2725,1.4752688172043011,-91.0,23.18596,120.37669,78.13,235.35027576960184,8,9,0.24,0.0,0.019020666426975672
2021/04/03 03:51:15.000000,146,262,23.89,94.0,1006.266171,1.4774193548387098,-89.0,23.18596,120.37669,78.11,235.35027576960184,8,9,0.14,0.0,0.019015797448342614
2021/04/03 03:51:16.000000,146,263,23.88,94.0,1006.251093,1.4774193548387098,-90.0,23.18596,120.37669,78.06,235.35027576960184,8,9,0.14,0.0,0.019003625001758763
2021/04/03 03:51:17.000000,146,264,23.88,94.1,1006.272656,1.4752688172043011,-89.0,23.18595,120.37669,78.08,235.35124100484217,8,9,0.38,0.0,0.019008416021734507
2021/04/03 03:51:18.000000,146,265,23.88,94.1,1006.284062,1.4774193548387098,-90.0,23.18596,120.37669,78.07,235.35027576960184,8,10,0.19,0.0,0.01900605949107567
2021/04/03 03:51:19.000000,146,266,23.89,94.1,1006.244453,1.4774193548387098,-90.0,23.18596,120.37669,77.99,235.35027576960184,8,9,0.04,0.0,0.01898658357653849
2021/04/03 03:51:20.000000,146,267,23.89,94.1,1006.2525,1.4774193548387098,-90.0,23.18596,120.37669,77.93,235.35027576960184,8,10,0.15,0.0,0.01897197664063273
2021/04/03 03:51:21.000000,146,268,23.88,94.1,1006.2775,1.4774193548387098,-90.0,23.18596,120.37669,77.86,235.35027576960184,8,9,0.16,0.0,0.018954935215406216
2021/04/03 03:51:22.000000,146,269,23.89,94.1,1006.271093,1.4774193548387098,-90.0,23.18596,120.37669,77.88,235.35027576960184,8,9,0.26,0.0,0.018959804194042706
2021/04/03 03:51:23.000000,146,270,23.9,94.1,1006.3223429999999,1.4752688172043011,-89.0,23.18596,120.37669,77.93,235.35027576960184,8,10,0.2,0.0,0.01897197664063273
2021/04/03 03:51:24.000000,146,271,23.9,94.0,1006.261171,1.4645161290322581,-88.0,23.18596,120.37669,77.96,235.35027576960184,8,9,0.12,0.0,0.018979280108585916
2021/04/03 03:51:25.000000,146,272,23.89,94.0,1006.277656,1.4666666666666668,-89.0,23.18596,120.37669,77.88,235.35027576960184,8,9,0.12,0.0,0.018959804194042706
2021/04/03 03:51:26.000000,146,273,23.89,94.0,1006.257734,1.4731182795698925,-91.0,23.18596,120.37669,77.95,235.35027576960184,8,9,0.12,0.0,0.018976845619268257
2021/04/03 03:51:27.000000,146,274,23.9,94.0,1006.26164,1.4752688172043011,-91.0,23.18596,120.37669,77.88,235.35027576960184,8,9,0.49,0.0,0.018959804194042706
2021/04/03 03:51:28.000000,146,275,23.9,94.0,1006.285937,1.4752688172043011,-90.0,23.18596,120.37669,77.83,235.35027576960184,8,9,0.04,0.0,0.018947631747450972
2021/04/03 03:51:29.000000,146,276,23.9,94.0,1006.266171,1.4752688172043011,-90.0,23.18596,120.37669,77.99,235.35027576960184,8,9,0.16,0.0,0.01898658357653849
2021/04/03 03:51:30.000000,146,277,23.91,94.0,1006.246093,1.4752688172043011,-91.0,23.18596,120.37669,78.13,235.35027576960184,8,9,0.08,0.0,0.019020666426975672
2021/04/03 03:51:31.000000,146,278,23.9,94.0,1006.289218,1.4752688172043011,-96.0,23.18596,120.37669,78.22,235.35027576960184,8,9,0.22,0.0,0.019042576830821042
2021/04/03 03:51:32.000000,146,279,23.9,94.0,1006.266015,1.4731182795698925,-100.0,23.18596,120.37669,78.21,235.35027576960184,8,9,0.03,0.0,0.019040142341505164
2021/04/03 03:51:33.000000,146,280,23.91,94.0,1006.25625,1.4645161290322581,-94.0,23.18596,120.37669,78.41,235.35027576960184,8,9,0.18,0.0,0.01908883212780963
2021/04/03 03:51:34.000000,146,281,23.91,94.0,1006.212812,1.4752688172043011,-97.0,23.18595,120.37669,78.64,235.35124100484217,8,10,0.26,0.0,0.01914474686423808
2021/04/03 03:51:35.000000,146,282,23.91,94.0,1006.251718,1.4752688172043011,-90.0,23.18595,120.37669,78.8,235.35124100484217,8,9,0.18,0.0,0.01918369853348507
2021/04/03 03:51:36.000000,146,283,23.91,94.0,1006.230156,1.4731182795698925,-90.0,23.18595,120.37669,78.83,235.35124100484217,8,9,0.15,0.0,0.01919100197146691
2021/04/03 03:51:37.000000,146,284,23.9,94.0,1006.254375,1.4752688172043011,-92.0,23.18595,120.37669,78.95,235.35124100484217,8,10,0.11,0.0,0.01922021572338802
2021/04/03 03:51:38.000000,146,285,23.91,94.0,1006.229531,1.4752688172043011,-91.0,23.18595,120.37669,78.95,235.35124100484217,8,9,0.09,0.0,0.01922021572338802
2021/04/03 03:51:39.000000,146,286,23.91,94.0,1006.2129679999999,1.4731182795698925,-90.0,23.18595,120.37669,79.04,235.35124100484217,8,9,0.03,0.0,0.019242126037322296
2021/04/03 03:51:40.000000,146,287,23.91,94.0,1006.25125,1.4752688172043011,-89.0,23.18595,120.37669,79.23,235.35124100484217,8,9,0.15,0.0,0.01928838114449839
2021/04/03 03:51:41.000000,146,288,23.91,94.0,1006.234531,1.4645161290322581,-91.0,23.18595,120.37669,79.37,235.35124100484217,8,9,0.04,0.0,0.019322463855033105
2021/04/03 03:51:42.000000,146,289,23.91,94.0,1006.2696090000001,1.4645161290322581,-89.0,23.18595,120.37669,79.51,235.35124100484217,8,9,0.04,0.0,0.01935654656555415
2021/04/03 03:51:43.000000,146,290,23.91,94.0,1006.274218,1.4731182795698925,-89.0,23.18595,120.37669,79.61,235.35124100484217,8,9,0.33,0.0,0.019380891358775083
2021/04/03 03:51:44.000000,146,291,23.9,94.0,1006.2442960000001,1.4731182795698925,-87.0,23.18595,120.37669,79.73,235.35124100484217,8,10,0.25,0.0,0.019410105110630963
2021/04/03 03:51:45.000000,146,292,23.91,94.0,1006.246406,1.4752688172043011,-86.0,23.18595,120.37669,79.74,235.35124100484217,8,9,0.02,0.0,0.01941253958995183
2021/04/03 03:51:46.000000,146,293,23.92,94.0,1006.257031,1.4731182795698925,-86.0,23.18595,120.37669,79.83,235.35124100484217,8,9,0.22,0.0,0.01943444990383649
2021/04/03 03:51:47.000000,146,294,23.9,94.0,1006.270703,1.4731182795698925,-84.0,23.18596,120.37669,79.84,235.35027576960184,8,9,0.13,0.0,0.019436964099079093
2021/04/03 03:51:48.000000,146,295,23.92,94.0,1006.256562,1.4731182795698925,-84.0,23.18595,120.37669,80.01,235.35124100484217,8,9,0.16,0.0,0.019478270531588748
2021/04/03 03:51:49.000000,146,296,23.92,94.0,1006.240156,1.4731182795698925,-90.0,23.18595,120.37669,80.09,235.35124100484217,8,9,0.21,0.0,0.01949774636613799
2021/04/03 03:51:50.000000,146,297,23.92,94.0,1006.2755460000001,1.4731182795698925,-90.0,23.18596,120.37669,79.9,235.35027576960184,8,9,0.36,0.0,0.01945157103490536
2021/04/03 03:51:51.000000,146,298,23.93,94.0,1006.303593,1.4731182795698925,-90.0,23.18596,120.37669,79.93,235.35027576960184,8,9,0.17,0.0,0.01945887450281755
2021/04/03 03:51:52.000000,146,299,23.92,94.0,1006.263046,1.4731182795698925,-88.0,23.18596,120.37669,79.73,235.35027576960184,8,10,0.27,0.0,0.019410184716724375
2021/04/03 03:51:53.000000,146,300,23.92,94.0,1006.2588280000001,1.4731182795698925,-88.0,23.18596,120.37669,79.87,235.35027576960184,8,9,0.29,0.0,0.01944426756699254
2021/04/03 03:51:54.000000,146,301,23.94,94.0,1006.284765,1.4731182795698925,-88.0,23.18596,120.37669,79.8,235.35027576960184,8,10,0.44,0.0,0.019427226141860175
2021/04/03 03:51:55.000000,146,302,23.93,94.0,1006.304375,1.4709677419354839,-89.0,23.18596,120.37669,79.82,235.35027576960184,8,9,0.08,0.0,0.019432095120469773
2021/04/03 03:51:56.000000,146,303,23.95,94.0,1006.2757809999999,1.4709677419354839,-90.0,23.18596,120.3767,79.94,235.34976602364358,8,9,0.15,0.0,0.019461351143524486
2021/04/03 03:51:57.000000,146,304,23.93,94.0,1006.251875,1.4709677419354839,-91.0,23.18596,120.3767,80.1,235.34976602364358,8,9,0.22,0.0,0.019500303056743728
2021/04/03 03:51:58.000000,146,305,23.93,94.0,1006.242187,1.4709677419354839,-91.0,23.18596,120.3767,80.26,235.34976602364358,8,9,0.1,0.0,0.019539254969944946
2021/04/03 03:51:59.000000,146,306,23.95,94.0,1006.274218,1.4731182795698925,-93.0,23.18596,120.3767,80.37,235.34976602364358,8,9,0.14,0.0,0.019566034410260308
2021/04/03 03:52:00.000000,146,307,23.94,94.0,1006.241718,1.4731182795698925,-92.0,23.18596,120.3767,80.42,235.34976602364358,8,9,0.03,0.0,0.0195782068831281
2021/04/03 03:52:01.000000,146,308,23.94,93.9,1006.2415619999999,1.4709677419354839,-92.0,23.18596,120.3767,80.51,235.34976602364358,8,9,0.31,0.0,0.019600117334285672
2021/04/03 03:52:02.000000,146,309,23.94,93.9,1006.274218,1.4731182795698925,-92.0,23.18596,120.3767,80.48,235.34976602364358,8,9,0.22,0.0,0.019592813850567117
2021/04/03 03:52:03.000000,146,310,23.94,93.9,1006.305781,1.4709677419354839,-94.0,23.18596,120.3767,80.47,235.34976602364358,8,10,0.12,0.0,0.019590379355994125
2021/04/03 03:52:04.000000,146,311,23.95,93.9,1006.26375,1.4709677419354839,-94.0,23.18596,120.3767,80.48,235.34976602364358,8,9,0.11,0.0,0.019592813850567117
2021/04/03 03:52:05.000000,146,312,23.94,93.8,1006.2671869999999,1.4602150537634409,-97.0,23.18596,120.3767,80.51,235.34976602364358,8,9,0.09,0.0,0.019600117334285672
2021/04/03 03:52:06.000000,146,313,23.95,93.8,1006.270625,1.4709677419354839,-91.0,23.18596,120.3767,80.57,235.34976602364358,8,9,0.06,0.0,0.01961472430172087
2021/04/03 03:52:07.000000,146,314,23.95,93.8,1006.260703,1.4623655913978495,-93.0,23.18596,120.3767,80.55,235.34976602364358,8,10,0.19,0.0,0.019609855312576085
2021/04/03 03:52:08.000000,146,315,23.95,93.8,1006.275,1.4709677419354839,-92.0,23.18596,120.3767,80.56,235.34976602364358,8,9,0.06,0.0,0.019612289807148513
2021/04/03 03:52:09.000000,146,316,23.95,93.8,1006.2707809999999,1.4709677419354839,-93.0,23.18596,120.3767,80.69,235.34976602364358,8,10,0.14,0.0,0.019643938236583613
2021/04/03 03:52:10.000000,146,317,23.96,93.8,1006.281562,1.4709677419354839,-91.0,23.18595,120.37669,80.71,235.35124100484217,8,9,0.09,0.0,0.019648684083741538
2021/04/03 03:52:11.000000,146,318,23.96,93.8,1006.287578,1.4709677419354839,-92.0,23.18595,120.37669,80.72,235.35124100484217,8,9,0.04,0.0,0.019651118563055493
2021/04/03 03:52:12.000000,146,319,23.95,93.8,1006.245937,1.4709677419354839,-91.0,23.18595,120.37669,80.63,235.35124100484217,8,9,0.11,0.0,0.019629208249227325
2021/04/03 03:52:13.000000,146,320,23.96,93.7,1006.287187,1.4602150537634409,-93.0,23.18596,120.3767,80.37,235.34976602364358,8,9,0.1,0.0,0.019566034410260308
2021/04/03 03:52:14.000000,146,321,23.95,93.7,1006.257031,1.4602150537634409,-93.0,23.18596,120.3767,80.25,235.34976602364358,8,9,0.14,0.0,0.019536820475370396
2021/04/03 03:52:15.000000,146,322,23.95,93.7,1006.258437,1.4709677419354839,-95.0,23.18596,120.3767,80.07,235.34976602364358,8,9,0.06,0.0,0.019492999573016492
2021/04/03 03:52:16.000000,146,323,23.96,93.7,1006.288281,1.4688172043010752,-95.0,23.18596,120.3767,79.97,235.34976602364358,8,9,0.11,0.0,0.019468654627254466
2021/04/03 03:52:17.000000,146,324,23.96,93.7,1006.293125,1.4688172043010752,-95.0,23.18596,120.3767,79.93,235.34976602364358,8,9,0.23,0.0,0.01945891664894769
2021/04/03 03:52:18.000000,146,325,23.97,93.7,1006.284062,1.4688172043010752,-96.0,23.18596,120.3767,79.76,235.34976602364358,8,9,0.29,0.0,0.019417530241131343
2021/04/03 03:52:19.000000,146,326,23.96,93.7,1006.262031,1.4709677419354839,-95.0,23.18596,120.3767,79.72,235.34976602364358,8,9,0.22,0.0,0.019407792262818666
2021/04/03 03:52:20.000000,146,327,23.96,93.7,1006.274687,1.4688172043010752,-92.0,23.18596,120.3767,79.64,235.34976602364358,8,9,0.2,0.0,0.019388316306189955
2021/04/03 03:52:21.000000,146,328,23.96,93.7,1006.229218,1.4688172043010752,-91.0,23.18596,120.3767,79.58,235.34976602364358,8,9,0.08,0.0,0.019373709338715475
2021/04/03 03:52:22.000000,146,329,23.97,93.7,1006.2499210000001,1.4580645161290322,-92.0,23.18596,120.3767,79.46,235.34976602364358,8,9,0.04,0.0,0.019344495403758974
2021/04/03 03:52:23.000000,146,330,23.97,93.7,1006.266718,1.4602150537634409,-91.0,23.18596,120.3767,79.39,235.34976602364358,8,9,0.18,0.0,0.019327453941696368
2021/04/03 03:52:24.000000,146,331,23.96,93.7,1006.276562,1.4688172043010752,-91.0,23.18596,120.3767,79.23,235.34976602364358,8,9,0.15,0.0,0.019288502028397575
2021/04/03 03:52:25.000000,146,332,23.95,93.7,1006.251484,1.4688172043010752,-91.0,23.18596,120.3767,79.08,235.34976602364358,8,9,0.07,0.0,0.01925198460966376
2021/04/03 03:52:26.000000,146,333,23.97,93.7,1006.23,1.4688172043010752,-95.0,23.18596,120.3767,79.04,235.34976602364358,8,9,0.14,0.0,0.019242246631332102
2021/04/03 03:52:27.000000,146,334,23.97,93.8,1006.26,1.4688172043010752,-96.0,23.18596,120.3767,78.95,235.34976602364358,8,9,0.22,0.0,0.019220336180081805
2021/04/03 03:52:28.000000,146,335,23.96,93.8,1006.240937,1.4688172043010752,-97.0,23.18596,120.3767,78.95,235.34976602364358,8,12,0.18,0.0,0.019220336180081805
2021/04/03 03:52:29.000000,146,336,23.96,93.8,1006.2452340000001,1.4688172043010752,-96.0,23.18596,120.3767,78.88,235.34976602364358,8,9,0.2,0.0,0.01920329471799435
2021/04/03 03:52:30.000000,146,337,23.96,93.8,1006.261093,1.4688172043010752,-96.0,23.18596,120.3767,78.86,235.34976602364358,8,9,0.08,0.0,0.019198425728825883
2021/04/03 03:52:31.000000,146,338,23.96,93.8,1006.2442179999999,1.4580645161290322,-96.0,23.18596,120.3767,78.64,235.34976602364358,8,9,0.08,0.0,0.019144866847954453
2021/04/03 03:52:32.000000,146,339,23.95,93.8,1006.231093,1.4688172043010752,-96.0,23.18596,120.3767,78.34,235.34976602364358,8,9,0.09,0.0,0.019071832010348608
2021/04/03 03:52:33.000000,146,340,23.95,93.9,1006.23914,1.4688172043010752,-95.0,23.18596,120.3767,78.31,235.34976602364358,8,9,0.16,0.0,0.01906452852658461
2021/04/03 03:52:34.000000,146,341,23.95,93.9,1006.2225780000001,1.4688172043010752,-94.0,23.18596,120.3767,78.35,235.34976602364358,8,9,0.09,0.0,0.019074266504936467
2021/04/03 03:52:35.000000,146,342,23.95,93.9,1006.288359,1.4688172043010752,-96.0,23.18596,120.3767,78.31,235.34976602364358,8,9,0.12,0.0,0.01906452852658461
2021/04/03 03:52:36.000000,146,343,23.94,93.9,1006.225468,1.4688172043010752,-96.0,23.18596,120.3767,78.29,235.34976602364358,8,9,0.24,0.0,0.019059659537408267
2021/04/03 03:52:37.000000,146,344,23.94,93.9,1006.2542179999999,1.4688172043010752,-96.0,23.18596,120.3767,78.29,235.34976602364358,8,9,0.18,0.0,0.019059659537408267
2021/04/03 03:52:38.000000,146,345,23.95,93.9,1006.233125,1.4666666666666668,-95.0,23.18596,120.3767,78.36,235.34976602364358,8,9,0.22,0.0,0.019076700999524264
2021/04/03 03:52:39.000000,146,346,23.95,94.0,1006.277031,1.4688172043010752,-93.0,23.18596,120.3767,78.36,235.34976602364358,8,10,0.04,0.0,0.019076700999524264
2021/04/03 03:52:40.000000,146,347,23.95,94.0,1006.251718,1.4666666666666668,-92.0,23.18596,120.3767,78.38,235.34976602364358,8,9,0.16,0.0,0.019081569988699636
2021/04/03 03:52:41.000000,146,348,23.94,94.1,1006.240312,1.4666666666666668,-95.0,23.18596,120.3767,78.38,235.34976602364358,8,9,0.13,0.0,0.019081569988699636
2021/04/03 03:52:42.000000,146,349,23.94,94.1,1006.229531,1.4666666666666668,-95.0,23.18596,120.3767,78.43,235.34976602364358,8,9,0.22,0.0,0.019093742461636882
2021/04/03 03:52:43.000000,146,350,23.93,94.1,1006.250156,1.4688172043010752,-95.0,23.18596,120.3767,78.26,235.34976602364358,8,9,0.19,0.0,0.01905235605364324
2021/04/03 03:52:44.000000,146,351,23.94,94.1,1006.287812,1.4688172043010752,-98.0,23.18596,120.3767,78.28,235.34976602364358,8,9,0.07,0.0,0.01905722504281999
2021/04/03 03:52:45.000000,146,352,23.93,94.1,1006.221093,1.4666666666666668,-102.0,23.18596,120.3767,78.26,235.34976602364358,8,7,0.1,0.0,0.01905235605364324
2021/04/03 03:52:46.000000,146,353,23.93,94.1,1006.246093,1.4666666666666668,-98.0,23.18596,120.3767,78.29,235.34976602364358,8,9,0.22,0.0,0.019059659537408267
2021/04/03 03:52:47.000000,146,354,23.94,94.0,1006.25375,1.4666666666666668,-96.0,23.18596,120.3767,78.31,235.34976602364358,8,9,0.08,0.0,0.01906452852658461
2021/04/03 03:52:48.000000,146,355,23.92,94.0,1006.23125,1.4580645161290322,-98.0,23.18596,120.3767,78.36,235.34976602364358,8,9,0.2,0.0,0.019076700999524264
2021/04/03 03:52:49.000000,146,356,23.93,94.0,1006.260546,1.4666666666666668,-99.0,23.18596,120.3767,78.48,235.34976602364358,8,9,0.04,0.0,0.019105914934572397
2021/04/03 03:52:50.000000,146,357,23.92,94.0,1006.280312,1.4666666666666668,-97.0,23.18596,120.37669,78.58,235.35027576960184,8,9,0.12,0.0,0.01913021844614676
2021/04/03 03:52:51.000000,146,358,23.94,94.0,1006.2469530000001,1.4666666666666668,-93.0,23.18596,120.37669,78.73,235.35027576960184,8,9,0.14,0.0,0.01916673578583941
2021/04/03 03:52:52.000000,146,359,23.92,94.0,1006.276406,1.4666666666666668,-95.0,23.18596,120.37669,78.8,235.35027576960184,8,9,0.14,0.0,0.01918377721102399
2021/04/03 03:52:53.000000,146,360,23.92,94.1,1006.278125,1.4666666666666668,-90.0,23.18595,120.37669,78.83,235.35124100484217,8,9,0.17,0.0,0.01919100197146691
2021/04/03 03:52:54.000000,146,361,23.92,94.1,1006.2714840000001,1.4666666666666668,-100.0,23.18595,120.37669,78.81,235.35124100484217,8,8,0.08,0.0,0.019186133012812422
2021/04/03 03:52:55.000000,146,362,23.93,94.2,1006.275937,1.4559139784946238,-88.0,23.18595,120.37669,78.72,235.35124100484217,8,9,0.06,0.0,0.01916422269886379
2021/04/03 03:52:56.000000,146,363,23.94,94.3,1006.303281,1.4559139784946238,-79.0,23.18595,120.37669,78.85,235.35124100484217,8,9,0.31,0.0,0.019195870930121123
2021/04/03 03:52:57.000000,146,364,23.96,94.3,1006.268437,1.4666666666666668,-74.0,23.18595,120.37669,78.94,235.35124100484217,8,9,0.51,0.0,0.01921778124406164
2021/04/03 03:52:58.000000,146,365,23.96,94.3,1006.244453,1.4645161290322581,-68.0,23.18595,120.37669,79.26,235.35124100484217,8,9,0.4,0.0,0.01929568458247126
2021/04/03 03:52:59.000000,146,366,24.0,94.2,1006.241718,1.4645161290322581,-68.0,23.18595,120.37669,79.3,235.35124100484217,8,9,0.22,0.0,0.019305422499767452
2021/04/03 03:53:00.000000,146,367,24.0,94.1,1006.2775780000001,1.4645161290322581,-74.0,23.18595,120.37669,79.31,235.35124100484217,8,9,0.59,0.0,0.01930785697909133
2021/04/03 03:53:01.000000,146,368,24.01,93.9,1006.295625,1.4645161290322581,-81.0,23.18595,120.37669,79.2,235.35124100484217,8,10,2.06,258.79,0.019281077706524884
2021/04/03 03:53:02.000000,146,369,24.0,93.8,1006.3070309999999,1.4645161290322581,-80.0,23.18595,120.37668,78.47,235.35175075203276,8,9,0.87,258.79,0.019103319339772534
2021/04/03 03:53:03.000000,146,370,24.02,93.7,1006.267343,1.4537634408602151,-71.0,23.18595,120.37668,78.44,235.35175075203276,8,9,0.67,258.79,0.019096015917601707
2021/04/03 03:53:04.000000,146,371,24.04,93.5,1006.31625,1.4537634408602151,-77.0,23.18595,120.37667,78.54,235.35226050250463,8,9,3.03,264.12,0.01912031924530052
2021/04/03 03:53:05.000000,146,372,24.04,93.5,1006.313984,1.4645161290322581,-70.0,23.18595,120.37666,78.97,235.35277025626024,8,10,4.29,282.25,0.019224959763239846
2021/04/03 03:53:06.000000,146,373,24.04,93.5,1006.3875780000001,1.4645161290322581,-81.0,0.0,0.0,0.0,13168.447369028749,0,9,0.0,0.0,0.0
2021/04/03 03:53:07.000000,146,374,24.05,93.4,1006.3625,1.4645161290322581,-75.0,23.18596,120.37663,79.04,235.35333431428842,8,9,4.36,287.6,0.019241954891579708
2021/04/03 03:53:08.000000,146,375,24.04,93.4,1006.362421,1.4645161290322581,-68.0,23.18597,120.37662,78.48,235.35287886365188,8,9,4.8,284.69,0.019105662234659475
2021/04/03 03:53:09.000000,146,376,24.04,93.4,1006.399687,1.4645161290322581,-64.0,23.18597,120.3766,78.11,235.35389841547627,8,10,4.54,288.2,0.019015504750853514
2021/04/03 03:53:10.000000,146,377,24.03,93.4,1006.402187,1.4645161290322581,-67.0,23.18598,120.37659,77.66,235.35344298419844,8,10,4.57,283.8,0.0189059910026139
2021/04/03 03:53:11.000000,146,378,24.03,93.4,1006.395703,1.4645161290322581,-83.0,0.0,0.0,0.0,13168.447369028749,0,9,0.0,0.0,0.0
2021/04/03 03:53:12.000000,146,379,24.04,93.4,1006.379062,1.4537634408602151,-78.0,0.0,0.0,0.0,13168.447369028749,0,9,0.0,0.0,0.0
2021/04/03 03:53:13.000000,146,380,24.03,93.4,1006.3858590000001,1.4645161290322581,-82.0,0.0,0.0,0.0,13168.447369028749,0,9,0.0,0.0,0.0
2021/04/03 03:53:14.000000,146,381,24.03,93.4,1006.403281,1.4645161290322581,-79.0,0.0,0.0,0.0,13168.447369028749,0,9,0.0,0.0,0.0
2021/04/03 03:53:20.000000,146,387,24.06,93.5,1006.435625,1.4623655913978495,-63.0,0.0,0.0,0.0,13168.447369028749,0,10,0.0,0.0,0.0
2021/04/03 03:53:21.000000,146,388,24.05,93.4,1006.42625,1.4537634408602151,-66.0,0.0,0.0,0.0,13168.447369028749,0,9,0.0,0.0,0.0
2021/04/03 03:53:22.000000,146,389,24.04,93.3,1006.450937,1.4623655913978495,-78.0,0.0,0.0,0.0,13168.447369028749,0,9,0.0,0.0,0.0
2021/04/03 03:53:23.000000,146,390,24.04,93.3,1006.416015,1.4623655913978495,-75.0,23.18604,120.37644,78.39,235.35529906077997,8,9,4.7,311.88,0.019083555831830773
2021/04/03 03:53:28.000000,146,395,24.04,93.2,1006.391406,1.4623655913978495,-70.0,0.0,0.0,0.0,13168.447369028749,0,9,0.0,0.0,0.0
2021/04/03 03:53:29.000000,146,396,24.05,93.3,1006.392968,1.4516129032258065,-67.0,23.1861,120.37639,77.86,235.3520573801623,8,10,4.5,304.23,0.018954791726920647
2021/04/03 03:53:47.000000,146,414,24.18,93.3,1006.494375,1.4580645161290322,-98.0,0.0,0.0,0.0,13168.447369028749,0,9,0.0,0.0,0.0
2021/04/03 03:53:49.000000,146,416,24.23,93.0,1006.476875,1.4580645161290322,-84.0,0.0,0.0,0.0,13168.447369028749,0,9,0.0,0.0,0.0
2021/04/03 03:53:52.000000,146,419,24.33,92.7,1006.476406,1.4559139784946238,-82.0,0.0,0.0,0.0,13168.447369028749,0,10,0.0,0.0,0.0
2021/04/03 03:53:53.000000,146,420,24.35,92.6,1006.483125,1.4580645161290322,-83.0,23.18616,120.37634,77.04,235.3488159517451,8,9,1.69,11.4,0.018755423426184678
2021/04/03 03:53:54.000000,146,421,24.37,92.4,1006.4736710000001,1.4602150537634409,-83.0,23.18616,120.37634,76.32,235.3488159517451,8,9,1.33,27.67,0.018580139107445465
2021/04/03 03:54:45.000000,146,472,25.29,88.7,1006.471875,1.4580645161290322,-79.0,0.0,0.0,0.0,13168.447369028749,0,10,0.0,0.0,0.0
2021/04/03 03:54:46.000000,146,473,25.34,88.8,1006.455625,1.4559139784946238,-81.0,0.0,0.0,0.0,13168.447369028749,0,9,0.0,0.0,0.0
2021/04/03 03:54:47.000000,146,474,25.39,88.7,1006.455781,1.4559139784946238,-81.0,23.18615,120.37632,74.78,235.35080089853187,7,9,0.49,20.53,0.018205071881817993
2021/04/03 03:54:48.000000,146,475,25.43,88.7,1006.426562,1.4559139784946238,-78.0,23.18615,120.37632,75.34,235.35080089853187,7,9,1.55,20.53,0.018341402980506495
2021/04/03 03:54:49.000000,146,476,25.5,88.8,1006.46125,1.4559139784946238,-79.0,0.0,0.0,0.0,13168.447369028749,0,10,0.0,0.0,0.0
2021/04/03 03:54:50.000000,146,477,25.56,88.8,1006.425781,1.4559139784946238,-78.0,0.0,0.0,0.0,13168.447369028749,0,9,0.0,0.0,0.0
2021/04/03 03:55:07.000000,146,494,26.55,83.7,1006.384687,1.4559139784946238,-91.0,0.0,0.0,0.0,13168.447369028749,0,9,0.0,0.0,0.0
2021/04/03 03:55:08.000000,146,495,26.6,83.3,1006.390703,1.4537634408602151,-87.0,23.18618,120.37636,61.45,235.34586587239514,4,10,4.24,41.27,0.014960218476818865
2021/04/03 03:55:09.000000,146,496,26.62,82.8,1006.386406,1.4537634408602151,-89.0,23.18618,120.37637,59.78,235.3453559729833,5,9,2.13,41.27,0.01455368265699207
2021/04/03 03:55:10.000000,146,497,26.65,82.6,1006.426328,1.4537634408602151,-87.0,23.18619,120.37638,58.21,235.34388093526488,5,9,5.98,49.52,0.014171548646983867
2021/04/03 03:55:11.000000,146,498,26.71,82.6,1006.38875,1.4537634408602151,-88.0,23.18618,120.37637,56.98,235.3453559729833,5,9,6.32,138.49,0.013872011365456887
2021/04/03 03:55:12.000000,146,499,26.75,82.7,1006.411718,1.4537634408602151,-84.0,0.0,0.0,0.0,13168.447369028749,0,9,0.0,0.0,0.0
2021/04/03 03:55:14.000000,146,501,26.86,82.7,1006.410625,1.4537634408602151,-83.0,0.0,0.0,0.0,13168.447369028749,0,9,0.0,0.0,0.0
2021/04/03 03:55:15.000000,146,502,26.89,82.3,1006.4028119999999,1.4537634408602151,-86.0,23.18621,120.3764,58.83,235.34093086128348,6,9,4.42,69.52,0.014322670630255888
2021/04/03 03:55:16.000000,146,503,26.93,81.8,1006.498125,1.4537634408602151,-88.0,23.18621,120.37641,57.77,235.3404209688436,6,9,4.23,69.52,0.014064634975838826
2021/04/03 03:55:17.000000,146,504,26.99,81.5,1006.441562,1.4537634408602151,-87.0,0.0,0.0,0.0,13168.447369028749,0,9,0.0,0.0,0.0
2021/04/03 03:55:18.000000,146,505,27.02,81.2,1006.393437,1.4516129032258065,-83.0,0.0,0.0,0.0,13168.447369028749,0,10,0.0,0.0,0.0
2021/04/03 03:55:19.000000,146,506,27.04,80.9,1006.430468,1.4537634408602151,-87.0,23.1862,120.37637,63.38,235.34342569521945,5,10,0.73,69.52,0.015430243725823054
2021/04/03 03:55:20.000000,146,507,27.09,80.6,1006.4111710000001,1.4516129032258065,-88.0,0.0,0.0,0.0,13168.447369028749,0,10,0.0,0.0,0.0
2021/04/03 03:55:21.000000,146,508,27.11,80.4,1006.377343,1.4537634408602151,-92.0,23.18618,120.37635,69.73,235.34637577509025,7,9,0.09,69.52,0.01697597668704701
2021/04/03 03:55:22.000000,146,509,27.13,80.2,1006.4673429999999,1.4516129032258065,-89.0,23.18618,120.37635,70.84,235.34637577509025,7,9,0.41,69.52,0.017246209484886758
2021/04/03 03:55:23.000000,146,510,27.16,80.1,1006.390703,1.4516129032258065,-83.0,23.18618,120.37634,70.62,235.34688568106597,7,9,0.28,69.52,0.017192612581479215
2021/04/03 03:55:24.000000,146,511,27.2,80.0,1006.401562,1.4516129032258065,-82.0,0.0,0.0,0.0,13168.447369028749,0,9,0.0,0.0,0.0
2021/04/03 03:55:25.000000,146,512,27.24,80.1,1006.393906,1.4537634408602151,-84.0,0.0,0.0,0.0,13168.447369028749,0,10,0.0,0.0,0.0
2021/04/03 03:55:26.000000,146,513,27.27,80.0,1006.374062,1.4537634408602151,-84.0,0.0,0.0,0.0,13168.447369028749,0,9,0.0,0.0,0.0
2021/04/03 03:55:27.000000,146,514,27.3,79.7,1006.3822650000001,1.4537634408602151,-77.0,0.0,0.0,0.0,13168.447369028749,0,9,0.0,0.0,0.0
2021/04/03 03:55:37.000000,146,524,27.43,79.5,1006.3978119999999,1.4559139784946238,-86.0,0.0,0.0,0.0,13168.447369028749,0,9,0.0,0.0,0.0
2021/04/03 03:55:38.000000,146,525,27.43,79.5,1006.401093,1.4516129032258065,-88.0,0.0,0.0,0.0,13168.447369028749,0,10,0.0,0.0,0.0
2021/04/03 03:55:39.000000,146,526,27.42,79.4,1006.389531,1.4516129032258065,-83.0,23.18616,120.37633,73.5,235.34932585690007,5,9,1.35,125.12,0.017893570087646648
2021/04/03 03:55:40.000000,146,527,27.42,79.5,1006.379375,1.4494623655913978,-88.0,0.0,0.0,0.0,13168.447369028749,0,9,0.0,0.0,0.0
2021/04/03 03:55:41.000000,146,528,27.41,79.4,1006.378906,1.4516129032258065,-83.0,23.18616,120.37632,71.99,235.34983576533554,6,9,0.55,125.12,0.017525922740032618
2021/04/03 03:55:42.000000,146,529,27.39,79.4,1006.386718,1.4494623655913978,-87.0,23.18616,120.37633,71.43,235.34932585690007,6,10,1.72,125.12,0.017389628757390373
2021/04/03 03:55:43.000000,146,530,27.39,79.4,1006.338437,1.4494623655913978,-84.0,23.18617,120.37634,71.18,235.34785081575225,6,9,2.11,125.12,0.017328874885632235
2021/04/03 03:55:44.000000,146,531,27.38,79.5,1006.381093,1.4494623655913978,-87.0,23.18617,120.37634,71.25,235.34785081575225,5,9,1.16,125.12,0.017345916486754914
2021/04/03 03:55:45.000000,146,532,27.36,79.5,1006.4260929999999,1.4516129032258065,-81.0,23.18617,120.37634,71.77,235.34785081575225,5,9,2.55,125.12,0.017472511237855665
2021/04/03 03:55:46.000000,146,533,27.36,79.4,1006.377812,1.4494623655913978,-78.0,23.18617,120.37634,72.76,235.34785081575225,5,9,3.37,125.12,0.017713528167363345
2021/04/03 03:55:47.000000,146,534,27.35,79.5,1006.392734,1.4516129032258065,-78.0,23.18617,120.37634,73.15,235.34785081575225,5,9,0.93,125.12,0.01780847423033109
2021/04/03 03:55:48.000000,146,535,27.33,79.5,1006.379531,1.4516129032258065,-79.0,23.18617,120.37634,71.25,235.34785081575225,6,10,0.32,125.12,0.017345916486754914
2021/04/03 03:55:49.000000,146,536,27.33,79.6,1006.426562,1.4516129032258065,-80.0,23.18617,120.37634,71.89,235.34785081575225,5,10,0.21,125.12,0.017501725411162423
2021/04/03 03:55:51.000000,146,538,27.32,79.6,1006.350468,1.4430107526881721,-79.0,0.0,0.0,0.0,13168.447369028749,0,10,0.0,0.0,0.0
2021/04/03 03:55:57.000000,146,544,27.31,79.5,1006.403125,1.4494623655913978,-79.0,0.0,0.0,0.0,13168.447369028749,0,9,0.0,0.0,0.0
2021/04/03 03:55:58.000000,146,545,27.32,79.5,1006.381406,1.4494623655913978,-84.0,0.0,0.0,0.0,13168.447369028749,0,9,0.0,0.0,0.0
2021/04/03 03:55:59.000000,146,546,27.34,79.5,1006.392343,1.4387096774193548,-81.0,0.0,0.0,0.0,13168.447369028749,0,10,0.0,0.0,0.0
2021/04/03 03:56:01.000000,146,548,27.33,79.2,1006.4035150000001,1.4494623655913978,-81.0,0.0,0.0,0.0,13168.447369028749,0,9,0.0,0.0,0.0
2021/04/03 03:56:02.000000,146,549,27.32,79.1,1006.4270309999999,1.4494623655913978,-86.0,23.18617,120.37634,69.73,235.34785081575225,7,9,1.49,125.12,0.016975870290263106
2021/04/03 03:56:03.000000,146,550,27.32,79.1,1006.414687,1.4516129032258065,-94.0,0.0,0.0,0.0,13168.447369028749,0,9,0.0,0.0,0.0
2021/04/03 03:56:05.000000,146,552,27.31,79.4,1006.395156,1.4451612903225808,-96.0,0.0,0.0,0.0,13168.447369028749,0,10,0.0,0.0,0.0
2021/04/03 03:56:06.000000,146,553,27.3,79.6,1006.3808590000001,1.4473118279569892,-94.0,0.0,0.0,0.0,13168.447369028749,0,9,0.0,0.0,0.0
2021/04/03 04:04:20.000000,146,686,24.62,90.0,1006.254453,1.4172043010752688,-68.0,0.0,0.0,0.0,13168.447369028749,0,9,0.0,0.0,0.0
2021/04/03 04:04:22.000000,146,688,24.62,90.0,1006.250625,1.4172043010752688,-71.0,0.0,0.0,0.0,13168.447369028749,0,10,0.0,0.0,0.0
2021/04/03 04:04:24.000000,146,690,24.61,90.2,1006.260625,1.4172043010752688,-72.0,0.0,0.0,0.0,13168.447369028749,0,9,0.0,0.0,0.0
2021/04/03 04:04:25.000000,146,691,24.58,90.2,1006.2322650000001,1.4172043010752688,-68.0,0.0,0.0,0.0,13168.447369028749,0,10,0.0,0.0,0.0
2021/04/03 04:04:26.000000,146,692,24.61,90.2,1006.238906,1.4172043010752688,-71.0,0.0,0.0,0.0,13168.447369028749,0,9,0.0,0.0,0.0
2021/04/03 04:04:27.000000,146,693,24.58,90.1,1006.260078,1.4172043010752688,-71.0,0.0,0.0,0.0,13168.447369028749,0,9,0.0,0.0,0.0
2021/04/03 04:04:31.000000,146,697,24.6,90.1,1006.2103900000001,1.4150537634408602,-73.0,0.0,0.0,0.0,13168.447369028749,0,9,0.0,0.0,0.0
2021/04/03 04:04:32.000000,146,698,24.62,90.1,1006.242812,1.4172043010752688,-72.0,23.18601,120.37655,76.08,235.3525865446904,9,9,0.12,309.67,0.018521414264089757
2021/04/03 04:04:36.000000,146,702,24.61,90.0,1006.234921,1.4150537634408602,-70.0,0.0,0.0,0.0,13168.447369028749,0,9,0.0,0.0,0.0
2021/04/03 04:04:37.000000,146,703,24.62,90.1,1006.187187,1.4150537634408602,-70.0,0.0,0.0,0.0,13168.447369028749,0,9,0.0,0.0,0.0
2021/04/03 04:04:38.000000,146,704,24.62,90.2,1006.215,1.4150537634408602,-67.0,23.18601,120.37655,76.52,235.3525865446904,9,9,0.1,309.67,0.0186285307428429
2021/04/03 04:04:39.000000,146,705,24.62,90.2,1006.2209369999999,1.4150537634408602,-67.0,0.0,0.0,0.0,13168.447369028749,0,9,0.0,0.0,0.0
2021/04/03 04:04:45.000000,146,711,24.62,90.4,1006.215781,1.4150537634408602,-68.0,0.0,0.0,0.0,13168.447369028749,0,9,0.0,0.0,0.0
2021/04/03 04:04:48.000000,146,714,24.61,90.3,1006.2069530000001,1.4150537634408602,-70.0,0.0,0.0,0.0,13168.447369028749,0,9,0.0,0.0,0.0
2021/04/03 04:04:49.000000,146,715,24.61,90.3,1006.197812,1.4129032258064518,-72.0,0.0,0.0,0.0,13168.447369028749,0,9,0.0,0.0,0.0
2021/04/03 04:04:53.000000,146,719,24.62,90.3,1006.205468,1.4150537634408602,-68.0,0.0,0.0,0.0,13168.447369028749,0,9,0.0,0.0,0.0
2021/04/03 04:05:05.000000,146,731,24.54,90.7,1006.1923429999999,1.4129032258064518,-70.0,0.0,0.0,0.0,13168.447369028749,0,9,0.0,0.0,0.0
2021/04/03 04:05:06.000000,146,732,24.53,90.7,1006.1976559999999,1.4129032258064518,-71.0,0.0,0.0,0.0,13168.447369028749,0,9,0.0,0.0,0.0
2021/04/03 04:05:10.000000,146,736,24.52,90.9,1006.219531,1.4129032258064518,-68.0,0.0,0.0,0.0,13168.447369028749,0,10,0.0,0.0,0.0
2021/04/03 04:05:13.000000,146,739,24.49,91.0,1006.193437,1.4129032258064518,-68.0,0.0,0.0,0.0,13168.447369028749,0,9,0.0,0.0,0.0
2021/04/03 04:05:16.000000,146,742,24.49,91.0,1006.19875,1.4129032258064518,-67.0,0.0,0.0,0.0,13168.447369028749,0,10,0.0,0.0,0.0
2021/04/03 04:05:20.000000,146,746,24.47,91.1,1006.256093,1.4172043010752688,-70.0,0.0,0.0,0.0,13168.447369028749,0,9,0.0,0.0,0.0
2021/04/03 04:05:31.000000,146,757,24.47,91.2,1006.233125,1.4107526881720431,-67.0,0.0,0.0,0.0,13168.447369028749,0,9,0.0,0.0,0.0
2021/04/03 04:05:32.000000,146,758,24.48,91.2,1006.209843,1.4107526881720431,-70.0,0.0,0.0,0.0,13168.447369028749,0,9,0.0,0.0,0.0
2021/04/03 04:05:39.000000,146,765,24.49,91.2,1006.219375,1.4129032258064518,-72.0,0.0,0.0,0.0,13168.447369028749,0,9,0.0,0.0,0.0
2021/04/03 04:05:40.000000,146,766,24.5,91.2,1006.2182809999999,1.4086021505376345,-70.0,0.0,0.0,0.0,13168.447369028749,0,9,0.0,0.0,0.0
2021/04/03 04:05:45.000000,146,771,24.49,91.2,1006.236875,1.4107526881720431,-66.0,23.18602,120.37656,76.62,235.35111154178708,9,9,0.05,309.67,0.018652992299204887
2021/04/03 04:05:46.000000,146,772,24.47,91.2,1006.2025,1.4107526881720431,-67.0,23.18602,120.37656,76.61,235.35111154178708,9,9,0.01,309.67,0.01865055781852341
2021/04/03 04:05:48.000000,146,774,24.46,91.2,1006.1867960000001,1.4086021505376345,-68.0,0.0,0.0,0.0,13168.447369028749,0,9,0.0,0.0,0.0
2021/04/03 04:05:49.000000,146,775,24.47,91.2,1006.2103119999999,1.4086021505376345,-67.0,0.0,0.0,0.0,13168.447369028749,0,10,0.0,0.0,0.0
2021/04/03 04:05:51.000000,146,777,24.46,91.2,1006.2259369999999,1.4086021505376345,-70.0,0.0,0.0,0.0,13168.447369028749,0,10,0.0,0.0,0.0
2021/04/03 04:05:52.000000,146,778,24.43,91.2,1006.212187,1.4086021505376345,-70.0,0.0,0.0,0.0,13168.447369028749,0,9,0.0,0.0,0.0
2021/04/03 04:05:53.000000,146,779,24.45,91.2,1006.27125,1.4086021505376345,-73.0,0.0,0.0,0.0,13168.447369028749,0,9,0.0,0.0,0.0
2021/04/03 04:05:54.000000,146,780,24.43,91.2,1006.195625,1.4086021505376345,-71.0,23.18601,120.37656,76.86,235.35207674251885,9,10,0.17,309.67,0.01871134309827448
2021/04/03 04:05:55.000000,146,781,24.45,91.2,1006.210156,1.4086021505376345,-70.0,23.18601,120.37656,76.95,235.35207674251885,9,10,0.04,309.67,0.018733253334533906
2021/04/03 04:05:56.000000,146,782,24.45,91.3,1006.1973429999999,1.3978494623655915,-67.0,0.0,0.0,0.0,13168.447369028749,0,9,0.0,0.0,0.0
2021/04/03 04:06:01.000000,146,787,24.45,91.2,1006.227656,1.4107526881720431,-68.0,0.0,0.0,0.0,13168.447369028749,0,9,0.0,0.0,0.0
2021/04/03 04:06:02.000000,146,788,24.43,91.2,1006.336093,1.4086021505376345,-68.0,23.18601,120.37656,77.14,235.35207674251885,9,9,0.06,309.67,0.018779508277730245
2021/04/03 04:06:03.000000,146,789,24.43,91.2,1006.226171,1.4086021505376345,-68.0,0.0,0.0,0.0,13168.447369028749,0,9,0.0,0.0,0.0
2021/04/03 04:06:07.000000,146,793,24.46,91.4,1006.259531,1.4129032258064518,-67.0,0.0,0.0,0.0,13168.447369028749,0,9,0.0,0.0,0.0
2021/04/03 04:06:08.000000,146,794,24.47,91.4,1006.256015,1.4086021505376345,-67.0,0.0,0.0,0.0,13168.447369028749,0,10,0.0,0.0,0.0
2021/04/03 04:06:09.000000,146,795,24.46,91.4,1006.252734,1.4086021505376345,-67.0,0.0,0.0,0.0,13168.447369028749,0,9,0.0,0.0,0.0
2021/04/03 04:06:10.000000,146,796,24.45,91.4,1006.261562,1.4086021505376345,-67.0,0.0,0.0,0.0,13168.447369028749,0,9,0.0,0.0,0.0
2021/04/03 04:06:11.000000,146,797,24.47,91.3,1006.244375,1.4086021505376345,-66.0,23.18601,120.37656,77.39,235.35207674251885,9,9,0.11,309.67,0.018840370045056547
2021/04/03 04:06:13.000000,146,799,24.45,91.2,1006.2435929999999,1.4086021505376345,-66.0,0.0,0.0,0.0,13168.447369028749,0,10,0.0,0.0,0.0
2021/04/03 04:06:14.000000,146,800,24.46,91.2,1006.2395309999999,1.4086021505376345,-66.0,0.0,0.0,0.0,13168.447369028749,0,9,0.0,0.0,0.0
2021/04/03 04:06:15.000000,146,801,24.45,91.2,1006.243515,1.4086021505376345,-67.0,0.0,0.0,0.0,13168.447369028749,0,10,0.0,0.0,0.0
2021/04/03 04:06:16.000000,146,802,24.45,91.1,1006.220625,1.4086021505376345,-67.0,0.0,0.0,0.0,13168.447369028749,0,9,0.0,0.0,0.0
2021/04/03 04:06:21.000000,146,807,24.42,91.2,1006.236406,1.4086021505376345,-68.0,0.0,0.0,0.0,13168.447369028749,0,9,0.0,0.0,0.0
2021/04/03 04:06:25.000000,146,811,24.41,91.2,1006.226875,1.4086021505376345,-70.0,0.0,0.0,0.0,13168.447369028749,0,9,0.0,0.0,0.0
2021/04/03 04:06:26.000000,146,812,24.42,91.2,1006.3070309999999,1.4086021505376345,-71.0,0.0,0.0,0.0,13168.447369028749,0,10,0.0,0.0,0.0
2021/04/03 04:06:28.000000,146,814,24.41,91.3,1006.256406,1.4086021505376345,-70.0,0.0,0.0,0.0,13168.447369028749,0,9,0.0,0.0,0.0
2021/04/03 04:06:31.000000,146,817,24.4,91.3,1006.23875,1.4064516129032258,-70.0,0.0,0.0,0.0,13168.447369028749,0,9,0.0,0.0,0.0
2021/04/03 04:06:32.000000,146,818,24.41,91.3,1006.253906,1.4064516129032258,-70.0,0.0,0.0,0.0,13168.447369028749,0,10,0.0,0.0,0.0
2021/04/03 04:06:33.000000,146,819,24.4,91.4,1006.189375,1.4064516129032258,-71.0,0.0,0.0,0.0,13168.447369028749,0,9,0.0,0.0,0.0
2021/04/03 04:06:34.000000,146,820,24.41,91.4,1006.2335929999999,1.4043010752688172,-70.0,0.0,0.0,0.0,13168.447369028749,0,9,0.0,0.0,0.0
2021/04/03 04:06:36.000000,146,822,24.42,91.4,1006.266875,1.4043010752688172,-68.0,0.0,0.0,0.0,13168.447369028749,0,9,0.0,0.0,0.0
2021/04/03 04:06:37.000000,146,823,24.42,91.4,1006.22625,1.4043010752688172,-68.0,0.0,0.0,0.0,13168.447369028749,0,9,0.0,0.0,0.0
2021/04/03 04:06:46.000000,146,832,24.45,91.2,1006.193281,1.4107526881720431,-66.0,0.0,0.0,0.0,13168.447369028749,0,9,0.0,0.0,0.0
2021/04/03 04:06:47.000000,146,833,24.43,91.2,1006.203671,1.4064516129032258,-68.0,0.0,0.0,0.0,13168.447369028749,0,9,0.0,0.0,0.0
2021/04/03 04:07:23.000000,146,868,24.55,90.7,1006.234375,1.4043010752688172,-72.0,0.0,0.0,0.0,13168.447369028749,0,9,0.0,0.0,0.0
2021/04/03 04:07:27.000000,146,872,24.57,90.8,1006.243906,1.4043010752688172,-67.0,0.0,0.0,0.0,13168.447369028749,0,9,0.0,0.0,0.0
2021/04/03 04:07:28.000000,146,873,24.58,90.8,1006.25375,1.4043010752688172,-67.0,0.0,0.0,0.0,13168.447369028749,0,10,0.0,0.0,0.0
2021/04/03 04:07:29.000000,146,874,24.56,90.8,1006.27,1.4043010752688172,-70.0,0.0,0.0,0.0,13168.447369028749,0,11,0.0,0.0,0.0
2021/04/03 04:07:35.000000,146,880,24.58,90.8,1006.253046,1.4043010752688172,-75.0,0.0,0.0,0.0,13168.447369028749,0,9,0.0,0.0,0.0
2021/04/03 04:08:13.000000,146,918,24.66,90.3,1006.123125,1.4021505376344088,-65.0,0.0,0.0,0.0,13168.447369028749,0,10,0.0,0.0,0.0
2021/04/03 04:08:15.000000,146,920,24.68,90.3,1006.147031,1.4021505376344088,-70.0,0.0,0.0,0.0,13168.447369028749,0,9,0.0,0.0,0.0
2021/04/03 04:08:16.000000,146,921,24.67,90.3,1006.1364840000001,1.4021505376344088,-68.0,0.0,0.0,0.0,13168.447369028749,0,9,0.0,0.0,0.0
2021/04/03 04:09:20.000000,146,984,25.58,86.3,1006.136562,1.3978494623655915,-73.0,0.0,0.0,0.0,13168.447369028749,0,9,0.0,0.0,0.0
2021/04/03 04:09:24.000000,146,988,25.59,86.1,1006.141562,1.3956989247311828,-68.0,0.0,0.0,0.0,13168.447369028749,0,10,0.0,0.0,0.0
2021/04/03 04:09:26.000000,146,990,25.61,86.2,1006.1594530000001,1.3956989247311828,-67.0,0.0,0.0,0.0,13168.447369028749,0,9,0.0,0.0,0.0
2021/04/03 04:09:27.000000,146,991,25.61,86.3,1006.166328,1.3956989247311828,-64.0,0.0,0.0,0.0,13168.447369028749,0,10,0.0,0.0,0.0
